id,url,title,mint_name,mint_short,mint_country,issue_type,current_weightG,current_weightOz,current_weightLabel,suggested_weightG,suggested_weightOz_display,notes
,,━━ Московский монетный двор (ММД) · Россия ━━,Московский монетный двор,ММД,Россия,SECTION,,,,,,
2539,https://omonete.ru/coins/2539/,Переславль-Залесский,Московский монетный двор,ММД,Россия,weightG_не_совпадает_с_граммами_в_weightLabel,124.4,1/2 унции,"1/2 унции · 15,55 грамм",15.55,0.5 oz (из подписи),"В подписи 15.55 г, в weightG 124.4. Предложение: выровнять weightG под подпись (или исправить подпись под фактический вес монеты)."
3404,https://omonete.ru/coins/3404/,Ростов,Московский монетный двор,ММД,Россия,weightG_не_совпадает_с_граммами_в_weightLabel,124.4,1/2 унции,"1/2 унции · 15,55 грамм",15.55,0.5 oz (из подписи),"В подписи 15.55 г, в weightG 124.4. Предложение: выровнять weightG под подпись (или исправить подпись под фактический вес монеты)."
3996,https://omonete.ru/coins/3996/,Боголюбово,Московский монетный двор,ММД,Россия,weightG_не_совпадает_с_граммами_в_weightLabel,124.4,1/2 унции,"1/2 унции · 15,55 грамм",15.55,0.5 oz (из подписи),"В подписи 15.55 г, в weightG 124.4. Предложение: выровнять weightG под подпись (или исправить подпись под фактический вес монеты)."
,,━━ Санкт-Петербургский монетный двор (СПМД) · Россия ━━,Санкт-Петербургский монетный двор,СПМД,Россия,SECTION,,,,,,
2540,https://omonete.ru/coins/2540/,Александров,Санкт-Петербургский монетный двор,СПМД,Россия,weightG_не_совпадает_с_граммами_в_weightLabel,124.4,1/2 унции,"1/2 унции · 15,55 грамм",15.55,0.5 oz (из подписи),"В подписи 15.55 г, в weightG 124.4. Предложение: выровнять weightG под подпись (или исправить подпись под фактический вес монеты)."
3405,https://omonete.ru/coins/3405/,Углич,Санкт-Петербургский монетный двор,СПМД,Россия,weightG_не_совпадает_с_граммами_в_weightLabel,124.4,1/2 унции,"1/2 унции · 15,55 грамм",15.55,0.5 oz (из подписи),"В подписи 15.55 г, в weightG 124.4. Предложение: выровнять weightG под подпись (или исправить подпись под фактический вес монеты)."
3997,https://omonete.ru/coins/3997/,Юрьев-Польский,Санкт-Петербургский монетный двор,СПМД,Россия,weightG_не_совпадает_с_граммами_в_weightLabel,124.4,1/2 унции,"1/2 унции · 15,55 грамм",15.55,0.5 oz (из подписи),"В подписи 15.55 г, в weightG 124.4. Предложение: выровнять weightG под подпись (или исправить подпись под фактический вес монеты)."
,,━━ Germania Mint (Germania Mint) · Польша ━━,Germania Mint,Germania Mint,Польша,SECTION,,,,,,
6353,https://omonete.ru/coins/6353/,2024 Ragnarök: Sköll & Hati Geminus Sköll 1 oz Silver BU,Germania Mint,Germania Mint,Польша,title_1oz_vs_weightG,62.2,2 oz,"2 унции · 62,2 г",31.1,1,"В названии полная унция, вес 62.2 г сильно отличается от тройской 1 oz (~31.1 г). Возможно, ошибка в title (часто 1/10 или 1/2 oz) или в weightG."
6382,https://omonete.ru/coins/6382/,2025 Ragnarök: Loki & Heimdall Geminus 2 x 1 oz Silver BU,Germania Mint,Germania Mint,Польша,title_1oz_vs_weightG,62.2,2 oz,"2 унции · 62,2 г",31.1,1,"В названии полная унция, вес 62.2 г сильно отличается от тройской 1 oz (~31.1 г). Возможно, ошибка в title (часто 1/10 или 1/2 oz) или в weightG."
6408,https://omonete.ru/coins/6408/,Germania Beasts: Fafnir Geminus 2 x 1 oz Silver BU,Germania Mint,Germania Mint,Польша,title_1oz_vs_weightG,62.2,2 oz,"2 унции · 62,2 г",31.1,1,"В названии полная унция, вес 62.2 г сильно отличается от тройской 1 oz (~31.1 г). Возможно, ошибка в title (часто 1/10 или 1/2 oz) или в weightG."
6411,https://omonete.ru/coins/6411/,Germania Beasts: Fenrir Geminus 2 x 1 oz Silver BU,Germania Mint,Germania Mint,Польша,title_1oz_vs_weightG,62.2,2 oz,"2 унции · 62,2 г",31.1,1,"В названии полная унция, вес 62.2 г сильно отличается от тройской 1 oz (~31.1 г). Возможно, ошибка в title (часто 1/10 или 1/2 oz) или в weightG."
,,━━ The Royal Mint (Royal Mint) · Великобритания ━━,The Royal Mint,Royal Mint,Великобритания,SECTION,,,,,,
4224,https://omonete.ru/coins/4224/,1926 King George V South African Mint Gold Sovereign,The Royal Mint,Royal Mint,Великобритания,weightG_не_совпадает_с_граммами_в_weightLabel,8,1 унция,"1 унция · 31,1 грамм",31.1,1 oz (из подписи),"В подписи 31.1 г, в weightG 8. Предложение: выровнять weightG под подпись (или исправить подпись под фактический вес монеты)."
4224,https://omonete.ru/coins/4224/,1926 King George V South African Mint Gold Sovereign,The Royal Mint,Royal Mint,Великобритания,weightG_слишком_мало_при_1_унция_в_подписи,8,1 унция,"1 унция · 31,1 грамм",31.1,1,"Подпись про 1 унцию (31.1 г), а weightG=8. Вероятно подтянута чужая подпись (часто соверен)."
4225,https://omonete.ru/coins/4225/,1927 King George V South African Mint Gold Sovereign,The Royal Mint,Royal Mint,Великобритания,weightG_не_совпадает_с_граммами_в_weightLabel,8,1 унция,"1 унция · 31,1 грамм",31.1,1 oz (из подписи),"В подписи 31.1 г, в weightG 8. Предложение: выровнять weightG под подпись (или исправить подпись под фактический вес монеты)."
4225,https://omonete.ru/coins/4225/,1927 King George V South African Mint Gold Sovereign,The Royal Mint,Royal Mint,Великобритания,weightG_слишком_мало_при_1_унция_в_подписи,8,1 унция,"1 унция · 31,1 грамм",31.1,1,"Подпись про 1 унцию (31.1 г), а weightG=8. Вероятно подтянута чужая подпись (часто соверен)."
4236,https://omonete.ru/coins/4236/,90 Years of Monopoly 2025 UK 50p Silver Proof Coloured Coin,The Royal Mint,Royal Mint,Великобритания,weightG_не_совпадает_с_граммами_в_weightLabel,8,1/4 унции,"1/4 унции · 7,78 грамм",7.78,0.25 oz (из подписи),"В подписи 7.78 г, в weightG 8. Предложение: выровнять weightG под подпись (или исправить подпись под фактический вес монеты)."
4574,https://omonete.ru/coins/4574/,The 200th Anniversary of the Shield Back Sovereign Two-Coin Set,The Royal Mint,Royal Mint,Великобритания,weightG_не_совпадает_с_граммами_в_weightLabel,8,1 унция,"1 унция · 31,1 грамм",31.1,1 oz (из подписи),"В подписи 31.1 г, в weightG 8. Предложение: выровнять weightG под подпись (или исправить подпись под фактический вес монеты)."
4574,https://omonete.ru/coins/4574/,The 200th Anniversary of the Shield Back Sovereign Two-Coin Set,The Royal Mint,Royal Mint,Великобритания,weightG_слишком_мало_при_1_унция_в_подписи,8,1 унция,"1 унция · 31,1 грамм",31.1,1,"Подпись про 1 унцию (31.1 г), а weightG=8. Вероятно подтянута чужая подпись (часто соверен)."
4579,https://omonete.ru/coins/4579/,The Gruffalo’s Child 2024 50p Silver Proof Coloured Coin,The Royal Mint,Royal Mint,Великобритания,weightG_не_совпадает_с_граммами_в_weightLabel,8,1/4 унции,"1/4 унции · 7,78 грамм",7.78,0.25 oz (из подписи),"В подписи 7.78 г, в weightG 8. Предложение: выровнять weightG под подпись (или исправить подпись под фактический вес монеты)."
4580,https://omonete.ru/coins/4580/,The Half Sovereign 2025 Gold Proof Coin,The Royal Mint,Royal Mint,Великобритания,weightG_не_совпадает_с_граммами_в_weightLabel,4,1 унция,"1 унция · 31,1 грамм",31.1,1 oz (из подписи),"В подписи 31.1 г, в weightG 4. Предложение: выровнять weightG под подпись (или исправить подпись под фактический вес монеты)."
4580,https://omonete.ru/coins/4580/,The Half Sovereign 2025 Gold Proof Coin,The Royal Mint,Royal Mint,Великобритания,weightG_слишком_мало_при_1_унция_в_подписи,4,1 унция,"1 унция · 31,1 грамм",31.1,1,"Подпись про 1 унцию (31.1 г), а weightG=4. Вероятно подтянута чужая подпись (часто соверен)."
4581,https://omonete.ru/coins/4581/,The Half Sovereign 2026 Gold Proof Coin,The Royal Mint,Royal Mint,Великобритания,weightG_не_совпадает_с_граммами_в_weightLabel,4,1 унция,"1 унция · 31,1 грамм",31.1,1 oz (из подписи),"В подписи 31.1 г, в weightG 4. Предложение: выровнять weightG под подпись (или исправить подпись под фактический вес монеты)."
4581,https://omonete.ru/coins/4581/,The Half Sovereign 2026 Gold Proof Coin,The Royal Mint,Royal Mint,Великобритания,weightG_слишком_мало_при_1_унция_в_подписи,4,1 унция,"1 унция · 31,1 грамм",31.1,1,"Подпись про 1 унцию (31.1 г), а weightG=4. Вероятно подтянута чужая подпись (часто соверен)."
4594,https://omonete.ru/coins/4594/,The Sovereign 2026 Gold Proof Coin,The Royal Mint,Royal Mint,Великобритания,weightG_не_совпадает_с_граммами_в_weightLabel,8,1 унция,"1 унция · 31,1 грамм",31.1,1 oz (из подписи),"В подписи 31.1 г, в weightG 8. Предложение: выровнять weightG под подпись (или исправить подпись под фактический вес монеты)."
4594,https://omonete.ru/coins/4594/,The Sovereign 2026 Gold Proof Coin,The Royal Mint,Royal Mint,Великобритания,weightG_слишком_мало_при_1_унция_в_подписи,8,1 унция,"1 унция · 31,1 грамм",31.1,1,"Подпись про 1 унцию (31.1 г), а weightG=8. Вероятно подтянута чужая подпись (часто соверен)."
4595,https://omonete.ru/coins/4595/,The Sovereign 2026 Silver Proof Coin,The Royal Mint,Royal Mint,Великобритания,weightG_не_совпадает_с_граммами_в_weightLabel,8,1 унция,"1 унция · 31,1 грамм",31.1,1 oz (из подписи),"В подписи 31.1 г, в weightG 8. Предложение: выровнять weightG под подпись (или исправить подпись под фактический вес монеты)."
4595,https://omonete.ru/coins/4595/,The Sovereign 2026 Silver Proof Coin,The Royal Mint,Royal Mint,Великобритания,weightG_слишком_мало_при_1_унция_в_подписи,8,1 унция,"1 унция · 31,1 грамм",31.1,1,"Подпись про 1 унцию (31.1 г), а weightG=8. Вероятно подтянута чужая подпись (часто соверен)."
5208,https://omonete.ru/coins/5208/,1910 King Edward VII Sovereign Mintmark Trio,The Royal Mint,Royal Mint,Великобритания,weightG_не_совпадает_с_граммами_в_weightLabel,8,1 унция,"1 унция · 31,1 грамм",31.1,1 oz (из подписи),"В подписи 31.1 г, в weightG 8. Предложение: выровнять weightG под подпись (или исправить подпись под фактический вес монеты)."
5208,https://omonete.ru/coins/5208/,1910 King Edward VII Sovereign Mintmark Trio,The Royal Mint,Royal Mint,Великобритания,weightG_слишком_мало_при_1_унция_в_подписи,8,1 унция,"1 унция · 31,1 грамм",31.1,1,"Подпись про 1 унцию (31.1 г), а weightG=8. Вероятно подтянута чужая подпись (часто соверен)."
5212,https://omonete.ru/coins/5212/,1914 Gold Sovereign Mintmark Trio,The Royal Mint,Royal Mint,Великобритания,weightG_не_совпадает_с_граммами_в_weightLabel,8,1 унция,"1 унция · 31,1 грамм",31.1,1 oz (из подписи),"В подписи 31.1 г, в weightG 8. Предложение: выровнять weightG под подпись (или исправить подпись под фактический вес монеты)."
5212,https://omonete.ru/coins/5212/,1914 Gold Sovereign Mintmark Trio,The Royal Mint,Royal Mint,Великобритания,weightG_слишком_мало_при_1_унция_в_подписи,8,1 унция,"1 унция · 31,1 грамм",31.1,1,"Подпись про 1 унцию (31.1 г), а weightG=8. Вероятно подтянута чужая подпись (часто соверен)."
5214,https://omonete.ru/coins/5214/,1915 Gold Sovereign Mintmark Trio,The Royal Mint,Royal Mint,Великобритания,weightG_не_совпадает_с_граммами_в_weightLabel,8,1 унция,"1 унция · 31,1 грамм",31.1,1 oz (из подписи),"В подписи 31.1 г, в weightG 8. Предложение: выровнять weightG под подпись (или исправить подпись под фактический вес монеты)."
5214,https://omonete.ru/coins/5214/,1915 Gold Sovereign Mintmark Trio,The Royal Mint,Royal Mint,Великобритания,weightG_слишком_мало_при_1_унция_в_подписи,8,1 унция,"1 унция · 31,1 грамм",31.1,1,"Подпись про 1 унцию (31.1 г), а weightG=8. Вероятно подтянута чужая подпись (часто соверен)."
5216,https://omonete.ru/coins/5216/,1916 King George V Gold Sovereign Mintmark Trio,The Royal Mint,Royal Mint,Великобритания,weightG_не_совпадает_с_граммами_в_weightLabel,8,1 унция,"1 унция · 31,1 грамм",31.1,1 oz (из подписи),"В подписи 31.1 г, в weightG 8. Предложение: выровнять weightG под подпись (или исправить подпись под фактический вес монеты)."
5216,https://omonete.ru/coins/5216/,1916 King George V Gold Sovereign Mintmark Trio,The Royal Mint,Royal Mint,Великобритания,weightG_слишком_мало_при_1_унция_в_подписи,8,1 унция,"1 унция · 31,1 грамм",31.1,1,"Подпись про 1 унцию (31.1 г), а weightG=8. Вероятно подтянута чужая подпись (часто соверен)."
5218,https://omonete.ru/coins/5218/,1917 Gold Sovereign Mintmark Trio,The Royal Mint,Royal Mint,Великобритания,weightG_не_совпадает_с_граммами_в_weightLabel,8,1 унция,"1 унция · 31,1 грамм",31.1,1 oz (из подписи),"В подписи 31.1 г, в weightG 8. Предложение: выровнять weightG под подпись (или исправить подпись под фактический вес монеты)."
5218,https://omonete.ru/coins/5218/,1917 Gold Sovereign Mintmark Trio,The Royal Mint,Royal Mint,Великобритания,weightG_слишком_мало_при_1_унция_в_подписи,8,1 унция,"1 унция · 31,1 грамм",31.1,1,"Подпись про 1 унцию (31.1 г), а weightG=8. Вероятно подтянута чужая подпись (часто соверен)."
5220,https://omonete.ru/coins/5220/,1918 Gold Sovereign Mintmark Trio,The Royal Mint,Royal Mint,Великобритания,weightG_не_совпадает_с_граммами_в_weightLabel,8,1 унция,"1 унция · 31,1 грамм",31.1,1 oz (из подписи),"В подписи 31.1 г, в weightG 8. Предложение: выровнять weightG под подпись (или исправить подпись под фактический вес монеты)."
5220,https://omonete.ru/coins/5220/,1918 Gold Sovereign Mintmark Trio,The Royal Mint,Royal Mint,Великобритания,weightG_слишком_мало_при_1_унция_в_подписи,8,1 унция,"1 унция · 31,1 грамм",31.1,1,"Подпись про 1 унцию (31.1 г), а weightG=8. Вероятно подтянута чужая подпись (часто соверен)."
5222,https://omonete.ru/coins/5222/,1919 Gold Sovereign Mintmark Trio,The Royal Mint,Royal Mint,Великобритания,weightG_не_совпадает_с_граммами_в_weightLabel,8,1 унция,"1 унция · 31,1 грамм",31.1,1 oz (из подписи),"В подписи 31.1 г, в weightG 8. Предложение: выровнять weightG под подпись (или исправить подпись под фактический вес монеты)."
5222,https://omonete.ru/coins/5222/,1919 Gold Sovereign Mintmark Trio,The Royal Mint,Royal Mint,Великобритания,weightG_слишком_мало_при_1_унция_в_подписи,8,1 унция,"1 унция · 31,1 грамм",31.1,1,"Подпись про 1 унцию (31.1 г), а weightG=8. Вероятно подтянута чужая подпись (часто соверен)."
5225,https://omonete.ru/coins/5225/,1925 King George V London Mint Sovereign,The Royal Mint,Royal Mint,Великобритания,weightG_не_совпадает_с_граммами_в_weightLabel,8,1 унция,"1 унция · 31,1 грамм",31.1,1 oz (из подписи),"В подписи 31.1 г, в weightG 8. Предложение: выровнять weightG под подпись (или исправить подпись под фактический вес монеты)."
5225,https://omonete.ru/coins/5225/,1925 King George V London Mint Sovereign,The Royal Mint,Royal Mint,Великобритания,weightG_слишком_мало_при_1_унция_в_подписи,8,1 унция,"1 унция · 31,1 грамм",31.1,1,"Подпись про 1 унцию (31.1 г), а weightG=8. Вероятно подтянута чужая подпись (часто соверен)."
5799,https://omonete.ru/coins/5799/,The Half Sovereign 2025 Gold Proof Coin,The Royal Mint,Royal Mint,Великобритания,weightG_не_совпадает_с_граммами_в_weightLabel,4,1 унция,"1 унция · 31,1 грамм",31.1,1 oz (из подписи),"В подписи 31.1 г, в weightG 4. Предложение: выровнять weightG под подпись (или исправить подпись под фактический вес монеты)."
5799,https://omonete.ru/coins/5799/,The Half Sovereign 2025 Gold Proof Coin,The Royal Mint,Royal Mint,Великобритания,weightG_слишком_мало_при_1_унция_в_подписи,4,1 унция,"1 унция · 31,1 грамм",31.1,1,"Подпись про 1 унцию (31.1 г), а weightG=4. Вероятно подтянута чужая подпись (часто соверен)."
5800,https://omonete.ru/coins/5800/,The Half Sovereign 2026 Gold Proof Coin,The Royal Mint,Royal Mint,Великобритания,weightG_не_совпадает_с_граммами_в_weightLabel,4,1 унция,"1 унция · 31,1 грамм",31.1,1 oz (из подписи),"В подписи 31.1 г, в weightG 4. Предложение: выровнять weightG под подпись (или исправить подпись под фактический вес монеты)."
5800,https://omonete.ru/coins/5800/,The Half Sovereign 2026 Gold Proof Coin,The Royal Mint,Royal Mint,Великобритания,weightG_слишком_мало_при_1_унция_в_подписи,4,1 унция,"1 унция · 31,1 грамм",31.1,1,"Подпись про 1 унцию (31.1 г), а weightG=4. Вероятно подтянута чужая подпись (часто соверен)."
5803,https://omonete.ru/coins/5803/,The Sovereign 2026 Gold Proof Coin,The Royal Mint,Royal Mint,Великобритания,weightG_не_совпадает_с_граммами_в_weightLabel,8,1 унция,"1 унция · 31,1 грамм",31.1,1 oz (из подписи),"В подписи 31.1 г, в weightG 8. Предложение: выровнять weightG под подпись (или исправить подпись под фактический вес монеты)."
5803,https://omonete.ru/coins/5803/,The Sovereign 2026 Gold Proof Coin,The Royal Mint,Royal Mint,Великобритания,weightG_слишком_мало_при_1_унция_в_подписи,8,1 унция,"1 унция · 31,1 грамм",31.1,1,"Подпись про 1 унцию (31.1 г), а weightG=8. Вероятно подтянута чужая подпись (часто соверен)."
5804,https://omonete.ru/coins/5804/,The Sovereign 2026 Silver Proof Coin,The Royal Mint,Royal Mint,Великобритания,weightG_не_совпадает_с_граммами_в_weightLabel,8,1 унция,"1 унция · 31,1 грамм",31.1,1 oz (из подписи),"В подписи 31.1 г, в weightG 8. Предложение: выровнять weightG под подпись (или исправить подпись под фактический вес монеты)."
5804,https://omonete.ru/coins/5804/,The Sovereign 2026 Silver Proof Coin,The Royal Mint,Royal Mint,Великобритания,weightG_слишком_мало_при_1_унция_в_подписи,8,1 унция,"1 унция · 31,1 грамм",31.1,1,"Подпись про 1 унцию (31.1 г), а weightG=8. Вероятно подтянута чужая подпись (часто соверен)."
