id,title,country,mint,mintage,mintage_display,reason,source_url
4194,70th Anniversary of the Royal Wedding 2017 2oz Gold Proof Coin,Австралия,The Perth Mint,0,,NO_MINTAGE,https://www.perthmint.com/shop/collector-coins/coins/70th-anniversary-of-the-royal-wedding-2017-2oz-gold-proof-coin
4200,Pink Panther™ 2018 1oz Pink Gold Diamond Ingot,Австралия,The Perth Mint,0,,NO_MINTAGE,https://www.perthmint.com/shop/collector-coins/ingots-and-bars/pink-panther-2018-1oz-pink-gold-diamond-ingot
4215,Australian Wedge-tailed Eagle 2025 1 Kilo Gold Proof Ultra High Relief Gilded Coin,Австралия,The Perth Mint,0,,NO_MINTAGE,https://www.perthmint.com/shop/collector-coins/coins/australian-wedge-tailed-eagle-2025-1-kilo-gold-proof-ultra-high-relief-gilded-coin
4218,1857-1931 Australian Sovereign Prestige Collection,Австралия,The Perth Mint,0,,NO_MINTAGE,https://www.perthmint.com/shop/collector-coins/sovereigns/1857-1931-australian-sovereign-prestige-collection
4220,The Perth Mint Gold Sovereigns 1899 and 1931,Австралия,The Perth Mint,0,,NO_MINTAGE,https://www.perthmint.com/shop/collector-coins/sovereigns/the-perth-mint-gold-sovereigns-1899-and-1931
4221,1911-1931 King George V Sovereign Typeset Collection,Великобритания,The Royal Mint,0,,NO_MINTAGE,https://www.perthmint.com/shop/collector-coins/sovereigns/1911-1931-king-george-v-sovereign-typeset-collection
4224,1926 King George V South African Mint Gold Sovereign,Великобритания,The Royal Mint,0,,NO_MINTAGE,https://www.perthmint.com/shop/collector-coins/coins/1926-king-george-v-south-african-mint-gold-sovereign
4225,1927 King George V South African Mint Gold Sovereign,Великобритания,The Royal Mint,0,,NO_MINTAGE,https://www.perthmint.com/shop/collector-coins/sovereigns/1927-king-george-v-south-african-mint-gold-sovereign
4230,35th Anniversary of the Australian Kangaroo Nugget 2021 5oz Gold Proof Coin,Австралия,The Perth Mint,0,,NO_MINTAGE,https://www.perthmint.com/shop/collector-coins/coins/35th-anniversary-of-the-australian-kangaroo-nugget-2021-5oz-gold-proof-coin
4231,40th Anniversary of the Australian Gold Coin Program 2026 1oz Gold Proof Coin,Австралия,The Perth Mint,0,,NO_MINTAGE,https://www.perthmint.com/shop/collector-coins/coins/40th-anniversary-of-the-australian-gold-coin-program-2026-1oz-gold-proof-coin
4240,Ancient Chinese Inventions 2024 5oz Silver Antiqued Coloured Coin,Тувалу,The Perth Mint,0,,NO_MINTAGE,https://www.perthmint.com/shop/collector-coins/coins/ancient-chinese-inventions-2024-5oz-silver-antiqued-coloured-coin
4244,Australia Sovereign 2021 Gold Proof High Relief Piedfort Coin,Австралия,The Perth Mint,0,,NO_MINTAGE,https://www.perthmint.com/shop/collector-coins/sovereigns/australia-sovereign-2021-gold-proof-high-relief-piedfort-coin
4245,Australia Sovereign 2022 Gold Proof High Relief Piedfort Coin,Австралия,The Perth Mint,0,,NO_MINTAGE,https://www.perthmint.com/shop/collector-coins/coins/australia-sovereign-2022-gold-proof-high-relief-coin
4249,Australian Brumby 2022 1oz Gold Proof Coin,Австралия,The Perth Mint,0,,NO_MINTAGE,https://www.perthmint.com/shop/collector-coins/coins/australian-brumby-2022-1oz-gold-proof-coin
4251,Australian Brumby 2023 1oz Gold Proof Coin,Австралия,The Perth Mint,0,,NO_MINTAGE,https://www.perthmint.com/shop/collector-coins/coins/australian-brumby-2023-1oz-gold-proof-coin
4253,Australian Brumby 2024 1oz Gold Proof Coin,Австралия,The Perth Mint,0,,NO_MINTAGE,https://www.perthmint.com/shop/collector-coins/coins/australian-brumby-2024-1oz-gold-proof-coin
4255,Australian Brumby 2025 1oz Gold Proof Coin,Австралия,The Perth Mint,0,,NO_MINTAGE,https://www.perthmint.com/shop/collector-coins/coins/australian-brumby-2025-1oz-gold-proof-coin
4261,Lake Argyle Pink Diamond 2018 1oz Platinum Ingot,Австралия,The Perth Mint,0,,NO_MINTAGE,https://www.perthmint.com/shop/collector-coins/ingots-and-bars/lake-argyle-pink-diamond-2018-1oz-platinum-ingot-retail
4264,Australian Kangaroo 2021 2oz Gold Proof High Relief Coin,Австралия,The Perth Mint,0,,NO_MINTAGE,https://www.perthmint.com/shop/collector-coins/coins/australian-kangaroo-2021-2oz-gold-proof-high-relief-coin
4267,Australian Kangaroo 2022 1oz Gold Proof High Relief Coin,Австралия,The Perth Mint,0,,NO_MINTAGE,https://www.perthmint.com/shop/collector-coins/coins/australian-kangaroo-2022-1oz-gold-proof-high-relief-coin
4269,Australian Kangaroo 2022 2oz Gold Proof High Relief Coin,Австралия,The Perth Mint,0,,NO_MINTAGE,https://www.perthmint.com/shop/collector-coins/coins/australian-kangaroo-2022-2oz-gold-proof-high-relief-coin
4272,Australian Kangaroo 2023 1oz Gold Proof High Relief Coin,Австралия,The Perth Mint,0,,NO_MINTAGE,https://www.perthmint.com/shop/collector-coins/australian-kangaroo-2023-1oz-gold-proof-high-relief-coin
4274,Australian Kangaroo 2023 2oz Gold Proof High Relief Coin,Австралия,The Perth Mint,0,,NO_MINTAGE,https://www.perthmint.com/shop/collector-coins/australian-kangaroo-2023-2oz-gold-proof-high-relief-coin
4276,Australian Kangaroo 2023 5oz Gold Proof Coin,Австралия,The Perth Mint,0,,NO_MINTAGE,https://www.perthmint.com/shop/collector-coins/australian-kangaroo-2023-5oz-gold-proof-coin
4279,Australian Kangaroo 2024 1oz Gold Proof High Relief Coin,Австралия,The Perth Mint,0,,NO_MINTAGE,https://www.perthmint.com/shop/collector-coins/coins/australian-kangaroo-2024-1oz-gold-proof-high-relief-coin
4281,Australian Kangaroo 2024 2oz Gold Proof High Relief Coin,Австралия,The Perth Mint,0,,NO_MINTAGE,https://www.perthmint.com/shop/collector-coins/coins/australian-kangaroo-2024-2oz-gold-proof-high-relief-coin
4283,Australian Kangaroo 2024 5oz Gold Proof Coin,Австралия,The Perth Mint,0,,NO_MINTAGE,https://www.perthmint.com/shop/collector-coins/coins/australian-kangaroo-2024-5oz-gold-proof-coin
4284,Australian Kangaroo 2024 Gold Proof Four-Coin Set,Австралия,The Perth Mint,0,,NO_MINTAGE,https://www.perthmint.com/shop/collector-coins/coins/australian-kangaroo-2024-gold-proof-four-coin-set
4287,Australian Kangaroo 2025 1oz Gold Proof High Relief Coin,Австралия,The Perth Mint,0,,NO_MINTAGE,https://www.perthmint.com/shop/collector-coins/australian-kangaroo-2025-1oz-gold-proof-high-relief-coin
4289,Australian Kangaroo 2025 2oz Gold Proof High Relief Coin,Австралия,The Perth Mint,0,,NO_MINTAGE,https://www.perthmint.com/shop/collector-coins/australian-kangaroo-2025-2oz-gold-proof-high-relief-coin
4291,Australian Kangaroo 2025 5oz Gold Proof Coin,Австралия,The Perth Mint,0,,NO_MINTAGE,https://www.perthmint.com/shop/collector-coins/coins/australian-kangaroo-2025-5oz-gold-proof-coin
4294,Australian Koala 2021 1oz Gold Proof High Relief Coin,Австралия,The Perth Mint,0,,NO_MINTAGE,https://www.perthmint.com/shop/collector-coins/coins/australian-koala-2021-1oz-gold-proof-high-relief-coin
4295,Australian Koala 2021 5oz Gold Proof Coin,Австралия,The Perth Mint,0,,NO_MINTAGE,https://www.perthmint.com/shop/collector-coins/coins/australian-koala-2021-5oz-gold-proof-coin
4297,Australian Koala 2022 1oz Gold Proof High Relief Coin,Австралия,The Perth Mint,0,,NO_MINTAGE,https://www.perthmint.com/shop/collector-coins/coins/australian-koala-2022-1oz-gold-proof-high-relief-coin
4298,Australian Koala 2022 5oz Gold Proof Coin,Австралия,The Perth Mint,0,,NO_MINTAGE,https://www.perthmint.com/shop/collector-coins/coins/australian-koala-2022-5oz-gold-proof-coin
4300,Australian Koala 2023 1oz Gold Proof High Relief Coin,Австралия,The Perth Mint,0,,NO_MINTAGE,https://www.perthmint.com/shop/collector-coins/coins/australian-koala-2023-1oz-gold-proof-high-relief-coin
4301,Australian Koala 2023 5oz Gold Proof Coin,Австралия,The Perth Mint,0,,NO_MINTAGE,https://www.perthmint.com/shop/collector-coins/coins/australian-koala-2023-5oz-gold-proof-coin
4303,Australian Koala 2024 1oz Gold Proof High Relief Coin,Австралия,The Perth Mint,0,,NO_MINTAGE,https://www.perthmint.com/shop/collector-coins/coins/australian-koala-2024-1oz-gold-proof-high-relief-coin
4304,Australian Koala 2024 5oz Gold Proof Coin,Австралия,The Perth Mint,0,,NO_MINTAGE,https://www.perthmint.com/shop/collector-coins/coins/australian-koala-2024-5oz-gold-proof-coin
4306,Australian Koala 2025 1oz Gold Proof High Relief Coin,Австралия,The Perth Mint,0,,NO_MINTAGE,https://www.perthmint.com/shop/collector-coins/coins/australian-koala-2025-1oz-gold-proof-high-relief-coin
4307,Australian Koala 2025 5oz Gold Proof Coin,Австралия,The Perth Mint,0,,NO_MINTAGE,https://www.perthmint.com/shop/collector-coins/coins/australian-koala-2025-5oz-gold-proof-coin
4310,Australian Kookaburra 2021 2oz Gold Proof High Relief Coin,Австралия,The Perth Mint,0,,NO_MINTAGE,https://www.perthmint.com/shop/collector-coins/coins/australian-kookaburra-2021-2oz-gold-proof-high-relief-coin
4312,Australian Kookaburra 2021 5oz Gold Proof High Relief Coin,Австралия,The Perth Mint,0,,NO_MINTAGE,https://www.perthmint.com/shop/collector-coins/coins/australian-kookaburra-2021-5oz-gold-proof-high-relief-coin
4315,Australian Kookaburra 2022 2oz Gold Proof High Relief Coin,Австралия,The Perth Mint,0,,NO_MINTAGE,https://www.perthmint.com/shop/collector-coins/australian-kookaburra-2022-2oz-gold-proof-high-relief-coin
4317,Australian Kookaburra 2022 5oz Gold Proof High Relief Coin,Австралия,The Perth Mint,0,,NO_MINTAGE,https://www.perthmint.com/shop/collector-coins/australian-kookaburra-2022-5oz-gold-proof-high-relief-coin
4320,Australian Kookaburra 2023 2oz Gold Proof High Relief Coin,Австралия,The Perth Mint,0,,NO_MINTAGE,https://www.perthmint.com/shop/collector-coins/coins/australian-kookaburra-2023-2oz-gold-proof-high-relief-coin
4322,Australian Kookaburra 2023 5oz Gold Proof High Relief Coin,Австралия,The Perth Mint,0,,NO_MINTAGE,https://www.perthmint.com/shop/collector-coins/coins/australian-kookaburra-2023-5oz-gold-proof-high-relief-coin
4325,Australian Kookaburra 2024 2oz Gold Proof High Relief Coin,Австралия,The Perth Mint,0,,NO_MINTAGE,https://www.perthmint.com/shop/collector-coins/coins/australian-kookaburra-2024-2oz-gold-proof-high-relief-coin
4327,Australian Kookaburra 2024 5oz Gold Proof High Relief Coin,Австралия,The Perth Mint,0,,NO_MINTAGE,https://www.perthmint.com/shop/collector-coins/coins/australian-kookaburra-2024-5oz-gold-proof-high-relief-coin
4348,Australian Swan 2021 1oz Gold Proof High Relief Coin,Австралия,The Perth Mint,0,,NO_MINTAGE,https://www.perthmint.com/shop/collector-coins/coins/australian-swan-2021-1oz-gold-proof-high-relief-coin
4351,Australian Swan 2022 1oz Gold Proof High Relief Coin,Австралия,The Perth Mint,0,,NO_MINTAGE,https://www.perthmint.com/shop/collector-coins/australian-swan-2022-1oz-gold-proof-high-relief-coin
4355,Australian Swan 2023 1oz Gold Proof High Relief Coin,Австралия,The Perth Mint,0,,NO_MINTAGE,https://www.perthmint.com/shop/collector-coins/coins/australian-swan-2023-1oz-gold-proof-high-relief-coin
4359,Australian Swan 2024 1oz Gold Proof High Relief Coin,Австралия,The Perth Mint,0,,NO_MINTAGE,https://www.perthmint.com/shop/collector-coins/coins/australian-swan-2024-1oz-gold-proof-high-relief-coin
4363,Australian Swan 2025 1oz Gold Proof High Relief Coin,Австралия,The Perth Mint,0,,NO_MINTAGE,https://www.perthmint.com/shop/collector-coins/coins/australian-swan-2025-1oz-gold-proof-high-relief-coin
4366,Australian Wedge-tailed Eagle 10th Anniversary 2024 5oz Gold Proof High Relief Coin,Австралия,The Perth Mint,0,,NO_MINTAGE,https://www.perthmint.com/shop/collector-coins/coins/australian-wedge-tailed-eagle-10th-anniversary-2024-5oz-gold-proof-high-relief-coin
4367,Australian Wedge-tailed Eagle 2021 1 Kilo Gold Incused Coin,Австралия,The Perth Mint,0,,NO_MINTAGE,https://www.perthmint.com/shop/collector-coins/coins/australian-wedge-tailed-eagle-2021-1-kilo-gold-incused-coin
4370,Australian Wedge-tailed Eagle 2021 1oz Platinum Reverse Proof High Relief Coin,Австралия,The Perth Mint,0,,NO_MINTAGE,https://www.perthmint.com/shop/collector-coins/coins/australian-wedge-tailed-eagle-2021-1oz-platinum-reverse-proof-high-relief-coin
4373,Australian Wedge-tailed Eagle 2021 5oz Gold Reverse Proof Ultra High Relief Coin,Австралия,The Perth Mint,0,,NO_MINTAGE,https://www.perthmint.com/shop/collector-coins/coins/australian-wedge-tailed-eagle-2021-5oz-gold-reverse-proof-ultra-high-relief-coin
4375,Australian Wedge-tailed Eagle 2022 1 Kilo Silver Enhanced Reverse Proof Coin,Австралия,The Perth Mint,0,,NO_MINTAGE,https://www.perthmint.com/shop/collector-coins/coins/australian-wedge-tailed-eagle-2022-1kg-silver-enhanced-reverse-proof-coin
4378,Australian Wedge-tailed Eagle 2022 1oz Platinum Enhanced Reverse Proof Coin,Австралия,The Perth Mint,0,,NO_MINTAGE,https://www.perthmint.com/shop/collector-coins/australian-wedge-tailed-eagle-2022-1oz-platinum-enhanced-reverse-proof-coin
4381,Australian Wedge-tailed Eagle 2022 5oz Gold Enhanced Reverse Proof High Relief Coin,Австралия,The Perth Mint,0,,NO_MINTAGE,https://www.perthmint.com/shop/collector-coins/coins/australian-wedge-tailed-eagle-2022-5oz-gold-enhanced-reverse-proof-high-relief-coin
4383,Australian Wedge-tailed Eagle 2023 1 Kilo Silver Enhanced Reverse Proof Ultra High Relief Coin,Австралия,The Perth Mint,0,,NO_MINTAGE,https://www.perthmint.com/shop/collector-coins/coins/australian-wedge-tailed-eagle-2023-1-kilo-silver-reverse-proof-ultra-high-relief-coin
4385,Australian Wedge-tailed Eagle 2023 1.5oz Bi-Metal Proof Gilded Coin,Австралия,The Perth Mint,0,,NO_MINTAGE,https://www.perthmint.com/shop/collector-coins/coins/australian-wedge-tailed-eagle-2023-1.5oz-bi-metal-proof-gilded-coin
4389,Australian Wedge-tailed Eagle 2023 5oz Gold Proof High Relief Gilded Coin,Австралия,The Perth Mint,0,,NO_MINTAGE,https://www.perthmint.com/shop/collector-coins/coins/australian-wedge-tailed-eagle-2023-5oz-gold-proof-high-relief-gilded-coin
4392,Australian Wedge-tailed Eagle 2025 1 Kilo Silver Proof Ultra High Relief Gilded Coin,Австралия,The Perth Mint,0,,NO_MINTAGE,https://www.perthmint.com/shop/collector-coins/coins/australian-wedge-tailed-eagle-2025-1-kilo-silver-proof-ultra-high-relief-gilded-coin
4393,Australian Wedge-tailed Eagle 2025 10oz Silver Proof Ultra High Relief Gilded Coin,Австралия,The Perth Mint,0,,NO_MINTAGE,https://www.perthmint.com/shop/collector-coins/coins/australian-wedge-tailed-eagle-2025-10oz-silver-proof-ultra-high-relief-gilded-coin
4394,Australian Wedge-tailed Eagle 2025 1oz Bi-Metal Proof Coin,Австралия,The Perth Mint,0,,NO_MINTAGE,https://www.perthmint.com/shop/collector-coins/coins/australian-wedge-tailed-eagle-2025-1oz-bi-metal-proof-coin
4396,Australian Wedge-Tailed Eagle 2025 1oz Rose Gold Reverse Proof Ultra High Relief Coin,Австралия,The Perth Mint,0,,NO_MINTAGE,https://www.perthmint.com/shop/collector-coins/coins/australian-wedge-tailed-eagle-2025-1oz-rose-gold-reverse-proof-ultra-high-relief-coin
4399,Australian Wedge-tailed Eagle 2025 5oz Gold Proof Ultra High Relief Gilded Coin,Австралия,The Perth Mint,0,,NO_MINTAGE,https://www.perthmint.com/shop/collector-coins/coins/australian-wedge-tailed-eagle-2025-5oz-gold-proof-ultra-high-relief-gilded-coin
4408,Beth Zaiken Collection - The Koala 2025 10oz Silver Proof Ultra High Relief Coin,Австралия,The Perth Mint,0,,NO_MINTAGE,https://www.perthmint.com/shop/collector-coins/beth-zaiken-collection-the-koala-2025-10oz-silver-proof-ultra-high-relief-coin
4409,Beth Zaiken Collection - The Koala 2025 1oz Gold Proof Ultra High Relief Coin,Австралия,The Perth Mint,0,,NO_MINTAGE,https://www.perthmint.com/shop/collector-coins/beth-zaiken-collection-the-koala-2025-1oz-gold-proof-ultra-high-relief-coin
4418,Butterfly 2025 2 Kilo Silver High Relief Antiqued Coin,Австралия,The Perth Mint,0,,NO_MINTAGE,https://www.perthmint.com/shop/collector-coins/coins/butterfly-2025-2-kilo-silver-antiqued-high-relief-coin
4426,Chinese Myths and Legends Dragon 2022 1oz Platinum Reverse Proof Coin,Австралия,The Perth Mint,0,,NO_MINTAGE,https://www.perthmint.com/shop/collector-coins/chinese-myths-and-legends-dragon-2022-1oz-platinum-reverse-proof-coin
4428,Chinese Myths and Legends Dragon and Koi 2024 1oz Platinum Reverse Proof Coin,Австралия,The Perth Mint,0,,NO_MINTAGE,https://www.perthmint.com/shop/collector-coins/coins/chinese-myths-and-legends-dragon-and-koi-2024-1oz-platinum-reverse-proof-coin
4444,Dragon 2022 1oz Gold Proof Coin,Австралия,The Perth Mint,0,,NO_MINTAGE,https://www.perthmint.com/shop/collector-coins/dragon-2022-1oz-gold-proof-coin
4446,Dragon 2023 1oz Gold Proof Coin,Австралия,The Perth Mint,0,,NO_MINTAGE,https://www.perthmint.com/shop/collector-coins/coins/dragon-2023-1oz-gold-proof-coin
4447,Dragon 2023 5oz Silver Antiqued Coloured Coin,Тувалу,The Perth Mint,0,,NO_MINTAGE,https://www.perthmint.com/shop/collector-coins/coins/dragon-2023-5oz-silver-antiqued-coloured-coin
4448,Dragon 2024 1oz Gold Proof Coin,Австралия,The Perth Mint,0,,NO_MINTAGE,https://www.perthmint.com/shop/collector-coins/dragon-2024-1oz-gold-proof-coin
4449,Dragon 2025 1oz Gold Proof Coin,Австралия,The Perth Mint,0,,NO_MINTAGE,https://www.perthmint.com/shop/collector-coins/coins/dragon-2025-1oz-gold-proof-coin
4450,Dragon 2025 1oz Gold Proof Rectangular Coin,Австралия,The Perth Mint,0,,NO_MINTAGE,https://www.perthmint.com/shop/collector-coins/coins/dragon-2025-1oz-gold-proof-rectangular-coin
4452,Dragon and Phoenix 2024 5oz Silver Antiqued Coloured Coin,Тувалу,The Perth Mint,0,,NO_MINTAGE,https://www.perthmint.com/shop/collector-coins/coins/dragon-and-phoenix-2024-5oz-silver-antiqued-coloured-coin
4453,Dragon and Tiger 2022 2 Kilo Silver Antiqued High Relief Coin,Австралия,The Perth Mint,0,,NO_MINTAGE,https://www.perthmint.com/shop/collector-coins/coins/dragon-and-tiger-2022-2-kilo-silver-antiqued-high-relief-coin
4464,Five Auspicious Creatures 2024 5oz Silver Antiqued Coloured Coin,Тувалу,The Perth Mint,0,,NO_MINTAGE,https://www.perthmint.com/shop/collector-coins/coins/five-auspicious-creatures-2024-5oz-silver-antiqued-coloured-coin
4467,Fu Lu Shou 2023 5oz Silver Antiqued Coloured Coin,Тувалу,The Perth Mint,0,,NO_MINTAGE,https://www.perthmint.com/shop/collector-coins/fu-lu-shou-2023-5oz-silver-antiqued-coloured-coin
4469,Great Barrier Reef 2021 2 Kilo Silver Antiqued High Relief Coin,Австралия,The Perth Mint,0,,NO_MINTAGE,https://www.perthmint.com/shop/collector-coins/coins/great-barrier-reef-2021-2-kilo-silver-antiqued-high-relief-coin
4472,Great Southern Land 2022 2oz Gold Proof Opal Coin,Австралия,The Perth Mint,0,,NO_MINTAGE,https://www.perthmint.com/shop/collector-coins/coins/great-southern-land-2022-2oz-gold-proof-opal-coin
4474,Great Southern Land 2024 2oz Gold Proof Mother of Pearl Coin,Австралия,The Perth Mint,0,,NO_MINTAGE,https://www.perthmint.com/shop/collector-coins/coins/great-southern-land-2024-2oz-gold-proof-mother-of-pearl-coin
4476,Great Southern Land 2025 2oz Gold Proof Blue Lepidolite Coin,Австралия,The Perth Mint,0,,NO_MINTAGE,https://www.perthmint.com/shop/collector-coins/coins/great-southern-land-2025-2oz-gold-proof-blue-lepidolite-coin
4490,Her Majesty Queen Elizabeth II 95th Birthday 2021 2oz Gold Proof Coin,Австралия,The Perth Mint,0,,NO_MINTAGE,https://www.perthmint.com/shop/collector-coins/coins/her-majesty-queen-elizabeth-ii-95th-birthday-2021-2oz-gold-proof-coin
4492,Honey Bee 2024 2 Kilo Silver Antiqued High Relief Coin,Австралия,The Perth Mint,0,,NO_MINTAGE,https://www.perthmint.com/shop/collector-coins/coins/honey-bee-2024-2-kilo-silver-antiqued-high-relief-coin
4498,Kimberley Sunrise 2023 5oz Gold Proof High Relief Coin with Diamond,Австралия,The Perth Mint,0,,NO_MINTAGE,https://www.perthmint.com/shop/collector-coins/coins/kimberley-sunrise-2023-5oz-gold-proof-high-relief-coin-with-diamond
4499,Kimberley Sunset 2021 5oz Rose Gold Proof High Relief Coin,Австралия,The Perth Mint,0,,NO_MINTAGE,https://www.perthmint.com/shop/collector-coins/coins/kimberley-sunset-2021-5oz-rose-gold-proof-high-relief-coin
4500,Koi Fish 2023 2 Kilo Silver Antiqued High Relief Coin,Австралия,The Perth Mint,0,,NO_MINTAGE,https://www.perthmint.com/shop/collector-coins/coins/koi-fish-2023-2-kilo-silver-antiqued-high-relief-coin
4502,Laughing Buddha 2021 1oz Gold Proof Coin,Тувалу,The Perth Mint,0,,NO_MINTAGE,https://www.perthmint.com/shop/collector-coins/coins/laughing-buddha-2021-1oz-gold-proof-coin
4514,Mythical Creatures - Basilisk 2023 1oz Gold Proof Coin,Австралия,The Perth Mint,0,,NO_MINTAGE,https://www.perthmint.com/shop/collector-coins/coins/mythical-creatures-basilisk-2023-1oz-gold-proof-coin
4515,Mythical Creatures - Basilisk 2023 1oz Platinum Proof Coin,Австралия,The Perth Mint,0,,NO_MINTAGE,https://www.perthmint.com/shop/collector-coins/coins/mythical-creatures-basilisk-2023-1oz-platinum-proof-coin
4516,Mythical Creatures - Basilisk 2023 5oz Gold Proof Coin,Австралия,The Perth Mint,0,,NO_MINTAGE,https://www.perthmint.com/shop/collector-coins/coins/mythical-creatures-basilisk-2023-5oz-gold-proof-coin
4517,Mythical Creatures - Chimera 2025 1oz Gold Proof Coin,Австралия,The Perth Mint,0,,NO_MINTAGE,https://www.perthmint.com/shop/collector-coins/coins/mythical-creatures-chimera-2025-1oz-gold-proof-coin
4518,Mythical Creatures Griffin 2022 1oz Gold Proof Coin,Австралия,The Perth Mint,0,,NO_MINTAGE,https://www.perthmint.com/shop/collector-coins/coins/mythical-creatures-griffin-2022-1oz-gold-proof-coin
4519,Mythical Creatures Griffin 2022 1oz Platinum Proof Coin,Австралия,The Perth Mint,0,,NO_MINTAGE,https://www.perthmint.com/shop/collector-coins/coins/mythical-creatures-griffin-2022-1oz-platinum-proof-coin
4520,Mythical Creatures Griffin 2022 5oz Gold Proof Coin,Австралия,The Perth Mint,0,,NO_MINTAGE,https://www.perthmint.com/shop/collector-coins/coins/mythical-creatures-griffin-2022-5oz-gold-proof-coin
4521,Mythical Creatures Unicorn 2021 1oz Gold Proof Coin,Австралия,The Perth Mint,0,,NO_MINTAGE,https://www.perthmint.com/shop/collector-coins/coins/mythical-creatures-unicorn-2021-1oz-gold-proof-coin
4574,The 200th Anniversary of the Shield Back Sovereign Two-Coin Set,Великобритания,The Royal Mint,0,,NO_MINTAGE,https://www.perthmint.com/shop/collector-coins/coin-sets/200th-anniversary-of-the-shield-back-sovereign-two-coin-set
4578,The First Australian Nugget Replicas 2024 Gold Proof Gilded Four-Coin Set,Австралия,The Perth Mint,0,,NO_MINTAGE,https://www.perthmint.com/shop/collector-coins/coins/first-australian-nugget-replicas-2024-gold-proof-gilded-four-coin-set
4582,The Jewelled Horse 2021 10oz Gold Proof Coin,Австралия,The Perth Mint,0,,NO_MINTAGE,https://www.perthmint.com/shop/collector-coins/masterpieces/the-jewelled-horse-2021-10oz-gold-proof-coin
4583,The Jewelled Koi 2022 10oz Gold Proof Coin,Австралия,The Perth Mint,0,,NO_MINTAGE,https://www.perthmint.com/shop/collector-coins/coins/the-jewelled-koi-2022-10oz-gold-proof-coin-with-argyle-pink-diamonds
4590,The Perth Mint’s 125th Australia Five Sovereign 2024 Gold Proof Gilded Coin,Австралия,The Perth Mint,0,,NO_MINTAGE,https://www.perthmint.com/shop/collector-coins/coins/the-perth-mints-125th-australia-five-sovereign-2024-gold-proof-gilded-coin
4593,The Queen's Platinum Jubilee 2022 2oz Gold Proof Coin,Австралия,The Perth Mint,0,,NO_MINTAGE,https://www.perthmint.com/shop/collector-coins/coins/the-queens-platinum-jubilee-2022-2oz-gold-proof-coin
4600,Twelve Baby Lunar Animals 2025 5oz Silver Proof Coloured Coin,Тувалу,The Perth Mint,0,,NO_MINTAGE,https://www.perthmint.com/shop/collector-coins/coins/twelve-baby-lunar-animals-2025-5oz-silver-proof-coloured-coin
4601,Twelve Lunar Animals 2022 5oz Silver Antiqued Coloured Coin,Тувалу,The Perth Mint,0,,NO_MINTAGE,https://www.perthmint.com/shop/collector-coins/coins/twelve-lunar-animal-2022-5oz-silver-antiqued-coloured-coin
4602,Unicorn 2025 5oz Silver Antiqued Coloured Coin,Тувалу,The Perth Mint,0,,NO_MINTAGE,https://www.perthmint.com/shop/collector-coins/coins/unicorn-2025-5oz-silver-antiqued-coloured-coin
4603,Universe Starry Sky and Planets 2024 5oz Silver Antiqued Coloured Coin,Тувалу,The Perth Mint,0,,NO_MINTAGE,https://www.perthmint.com/shop/collector-coins/coins/universe-starry-sky-and-planets-2024-5oz-antiqued-coloured-coin
4610,Wonders of Australia - The Outback 2026 1oz Gold Proof Opal Coin,Австралия,The Perth Mint,0,,NO_MINTAGE,https://www.perthmint.com/shop/collector-coins/coins/wonders-of-australia-the-outback-2026-1oz-gold-proof-opal-coin
4616,World Popular Dogs 2025 5oz Silver Antiqued Coloured Coin,Тувалу,The Perth Mint,0,,NO_MINTAGE,https://www.perthmint.com/shop/collector-coins/coins/world-popular-dogs-2025-5oz-silver-antiqued-coloured-coin
4629,Zodiac Signs and Goddesses 2025 5oz Silver Antiqued Coloured Coin,Тувалу,The Perth Mint,0,,NO_MINTAGE,https://www.perthmint.com/shop/collector-coins/coins/zodiac-signs-and-goddesses-2025-5oz-silver-antiqued-coloured-coin
4632,225th Anniversary of Australian Proclamation Coins - Pillar Dollar 2025 1oz Gold Proof Coin,Австралия,The Perth Mint,0,,NO_MINTAGE,https://www.perthmint.com/shop/collector-coins/coins/225th-anniversary-australian-proclamation-coins-pillar-dollar-2025-1oz-gold-proof-coin
4635,35th Anniversary of the Australian Kangaroo Nugget 2021 1oz Gold Proof Coin,Австралия,The Perth Mint,0,,NO_MINTAGE,https://www.perthmint.com/shop/collector-coins/coins/35th-anniversary-of-the-australian-kangaroo-nugget-2021-1oz-gold-proof-coin
4636,35th Anniversary of the Australian Kangaroo Nugget 2021 2oz Gold Proof Coin,Австралия,The Perth Mint,0,,NO_MINTAGE,https://www.perthmint.com/shop/collector-coins/coins/35th-anniversary-of-the-australian-kangaroo-nugget-2021-2oz-gold-proof-coin
4638,80th Anniversary End of WWII - Winged Victory 2025 1oz Gold Proof Coin,Австралия,The Perth Mint,0,,NO_MINTAGE,https://www.perthmint.com/shop/collector-coins/coins/80th-anniversary-end-of-wwii-winged-victory-2025-1oz-gold-proof-coin
4641,Australian Kookaburra 35th Anniversary 2025 1oz Gold Proof High Relief Coin,Австралия,The Perth Mint,0,,NO_MINTAGE,https://www.perthmint.com/shop/collector-coins/coins/australian-kookaburra-35th-anniversary-2025-1oz-gold-proof-high-relief-coin
4642,Australian Kookaburra 35th Anniversary 2025 2oz Gold Proof High Relief Coin,Австралия,The Perth Mint,0,,NO_MINTAGE,https://www.perthmint.com/shop/collector-coins/coins/australian-kookaburra-35th-anniversary-2025-2oz-gold-proof-high-relief-coin
4644,Australian Kookaburra 35th Anniversary 2025 5oz Gold Proof High Relief Coin,Австралия,The Perth Mint,0,,NO_MINTAGE,https://www.perthmint.com/shop/collector-coins/coins/australian-kookaburra-35th-anniversary-2025-5oz-gold-proof-high-relief-coin
4660,Australian Lunar Series III 2022 Year of the Tiger 1 Kilo Silver Coin with Gold Privy Mark,Австралия,The Perth Mint,0,,NO_MINTAGE,https://www.perthmint.com/shop/collector-coins/coins/australian-lunar-series-iii-2022-year-of-the-tiger-1-kilo-silver-coin-with-gold-privy-mark
4662,Australian Lunar Series III 2022 Year of the Tiger 1oz Gold Proof Coloured Coin,Австралия,The Perth Mint,0,,NO_MINTAGE,https://www.perthmint.com/shop/collector-coins/coins/australian-lunar-series-iii-2022-year-of-the-tiger-1oz-gold-proof-coloured-coin
4667,Australian Lunar Series III 2022 Year of the Tiger 5oz Silver High Relief Coin,Австралия,The Perth Mint,0,,NO_MINTAGE,https://www.perthmint.com/shop/collector-coins/coins/australian-lunar-series-iii-2022-year-of-the-tiger-5oz-silver-high-relief-coin
4672,Australian Lunar Series III 2023 Year of the Rabbit 1 Kilo Silver with Gold Privy Mark,Австралия,The Perth Mint,0,,NO_MINTAGE,https://www.perthmint.com/shop/collector-coins/coins/australian-lunar-series-iii-2023-year-of-the-rabbit-1-kilo-silver-with-gold-privy-mark
4673,Australian Lunar Series III 2023 Year of the Rabbit 1oz Gold Proof Coloured Coin,Австралия,The Perth Mint,0,,NO_MINTAGE,https://www.perthmint.com/shop/collector-coins/coins/australian-lunar-series-iii-2023-year-of-the-rabbit-1oz-gold-proof-coloured-coin
4674,Australian Lunar Series III 2023 Year of the Rabbit 1oz Gold Proof High Relief Coin,Австралия,The Perth Mint,0,,NO_MINTAGE,https://www.perthmint.com/shop/collector-coins/coins/australian-lunar-series-iii-2023-year-of-the-rabbit-1oz-gold-proof-high-relief-coin
4675,Australian Lunar Series III 2023 Year of the Rabbit 1oz Platinum Proof Coin,Австралия,The Perth Mint,0,,NO_MINTAGE,https://www.perthmint.com/shop/collector-coins/coins/australian-lunar-series-iii-2023-year-of-the-rabbit-1oz-platinum-proof-coin
4682,Australian Lunar Series III 2023 Year of the Rabbit 5oz Silver Proof High Relief Coin,Австралия,The Perth Mint,0,,NO_MINTAGE,https://www.perthmint.com/shop/collector-coins/coins/australian-lunar-series-iii-2023-year-of-the-rabbit-5oz-silver-proof-high-relief-coin
4687,Australian Lunar Series III 2024 Year of the Dragon 1 Kilo Silver Coloured Coin with Gold Privy Mark,Австралия,The Perth Mint,0,,NO_MINTAGE,https://www.perthmint.com/shop/collector-coins/coins/australian-lunar-series-iii-2024-year-of-the-dragon-1-kilo-silver-coloured-coin-gold-privy
4689,Australian Lunar Series III 2024 Year of the Dragon 1oz Gold Proof Coloured Coin,Австралия,The Perth Mint,0,,NO_MINTAGE,https://www.perthmint.com/shop/collector-coins/coins/australian-lunar-series-iii-2024-year-of-the-dragon-1oz-gold-proof-coloured-coin
4690,Australian Lunar Series III 2024 Year of the Dragon 1oz Gold Proof High Relief Coin,Австралия,The Perth Mint,0,,NO_MINTAGE,https://www.perthmint.com/shop/collector-coins/coins/australian-lunar-series-iii-2024-year-of-the-dragon-1oz-gold-proof-high-relief-coin
4691,Australian Lunar Series III 2024 Year of the Dragon 1oz Platinum Proof Coin,Австралия,The Perth Mint,0,,NO_MINTAGE,https://www.perthmint.com/shop/collector-coins/coins/australian-lunar-series-iii-2024-year-of-the-dragon-1oz-platinum-proof-coin
4702,Australian Lunar Series III 2024 Year of the Dragon 5oz Silver Proof High Relief Coin,Австралия,The Perth Mint,0,,NO_MINTAGE,https://www.perthmint.com/shop/collector-coins/coins/australian-lunar-series-iii-2024-year-of-the-dragon-5oz-silver-proof-high-relief-coin
4706,Australian Lunar Series III 2025 Year of the Snake 1 Kilo Silver Coloured Coin with Gold Privy Mark,Австралия,The Perth Mint,0,,NO_MINTAGE,https://www.perthmint.com/shop/collector-coins/coins/australian-lunar-series-iii-2025-year-of-the-snake-1-kilo-silver-coloured-coin-with-gold-privy-mark
4708,Australian Lunar Series III 2025 Year of the Snake 1oz Gold Proof Coloured Coin,Австралия,The Perth Mint,0,,NO_MINTAGE,https://www.perthmint.com/shop/collector-coins/coins/australian-lunar-series-iii-2025-year-of-the-snake-1oz-gold-proof-coloured-coin
4709,Australian Lunar Series III 2025 Year of the Snake 1oz Gold Proof High Relief Coin,Австралия,The Perth Mint,0,,NO_MINTAGE,https://www.perthmint.com/shop/collector-coins/coins/australian-lunar-series-iii-2025-year-of-the-snake-1oz-gold-proof-high-relief-coin
4710,Australian Lunar Series III 2025 Year of the Snake 1oz Platinum Proof Coin,Австралия,The Perth Mint,0,,NO_MINTAGE,https://www.perthmint.com/shop/collector-coins/coins/australian-lunar-series-iii-2025-year-of-the-snake-1oz-platinum-proof-coin
4717,Australian Lunar Series III 2025 Year of the Snake 5oz Silver Proof High Relief Coin,Австралия,The Perth Mint,0,,NO_MINTAGE,https://www.perthmint.com/shop/collector-coins/coins/australian-lunar-series-iii-2025-year-of-the-snake-5oz-silver-proof-high-relief-coin
4721,Australian Lunar Series III 2026 Year of the Horse 1 Kilo Silver Coloured Coin with Gold Privy Mark,Австралия,The Perth Mint,0,,NO_MINTAGE,https://www.perthmint.com/shop/collector-coins/coins/australian-lunar-series-iii-2026-year-of-the-horse-1-kilo-silver-coloured-coin-with-gold-privy-mark
4723,Australian Lunar Series III 2026 Year of the Horse 1oz Gold Proof Coloured Coin,Австралия,The Perth Mint,0,,NO_MINTAGE,https://www.perthmint.com/shop/collector-coins/coins/australian-lunar-series-iii-2026-year-of-the-horse-1oz-gold-proof-coloured-coin
4724,Australian Lunar Series III 2026 Year of the Horse 1oz Gold Proof High Relief Coin,Австралия,The Perth Mint,0,,NO_MINTAGE,https://www.perthmint.com/shop/collector-coins/coins/australian-lunar-series-iii-2026-year-of-the-horse-1oz-gold-proof-high-relief-coin
4725,Australian Lunar Series III 2026 Year of the Horse 1oz Platinum Proof Coin,Австралия,The Perth Mint,0,,NO_MINTAGE,https://www.perthmint.com/shop/collector-coins/coins/australian-lunar-series-iii-2026-year-of-the-horse-1oz-platinum-proof-coin
4732,Australian Lunar Series III 2026 Year of the Horse 5oz Silver Proof High Relief Coin,Австралия,The Perth Mint,0,,NO_MINTAGE,https://www.perthmint.com/shop/collector-coins/coins/australian-lunar-series-iii-2026-year-of-the-horse-5oz-silver-proof-high-relief-coin
4736,Australian Lunar Series III 2022 Year of the Tiger 1oz Gold Proof High Relief coin,Австралия,The Perth Mint,0,,NO_MINTAGE,https://www.perthmint.com/shop/collector-coins/coins/australian-lunar-series-lll-2022-year-of-the-tiger-1oz-gold-proof-high-relief-coin
4737,Australian Wedge-tailed Eagle 10th Anniversary 2024 1.5oz Bi-Metal Proof Coin,Австралия,The Perth Mint,0,,NO_MINTAGE,https://www.perthmint.com/shop/collector-coins/coins/australian-wedge-tailed-eagle-10th-anniversary-2024-1-5oz-bi-metal-proof-coin
4738,Australian Wedge-Tailed Eagle 10th Anniversary 2024 10oz Gold Proof Coin,Австралия,The Perth Mint,0,,NO_MINTAGE,https://www.perthmint.com/shop/collector-coins/coins/australian-wedge-tailed-eagle-10th-anniversary-2024-10oz-gold-proof-coin
4745,Australian Wedge-tailed Eagle 2022 1 Kilo Gold Enhanced Reverse Proof Coin,Австралия,The Perth Mint,0,,NO_MINTAGE,https://www.perthmint.com/shop/collector-coins/coins/australian-wedge-tailed-eagle-2022-1kg-gold-enhanced-reverse-proof-coin
4747,Australian Wedge-tailed Eagle 2023 1 Kilo Gold Reverse Proof Ultra High Relief Coin,Австралия,The Perth Mint,0,,NO_MINTAGE,https://www.perthmint.com/shop/collector-coins/coins/australian-wedge-tailed-eagle-2023-1-kilo-gold-reverse-proof-ultra-high-relief-coin
4748,Australian Wedge-tailed Eagle 10th Anniversary 2024 1 Kilo Gold Reverse Proof Ultra High Relief Coin,Австралия,The Perth Mint,0,,NO_MINTAGE,https://www.perthmint.com/shop/collector-coins/coins/australian-wedge-tailed-eagle-2024-1-kilo-gold-reverse-proof-ultra-high-relief-coin
4749,Australian Wedge-tailed Eagle 10th Anniversary 2024 1 Kilo Silver Reverse Proof Ultra High Relief Coin,Австралия,The Perth Mint,0,,NO_MINTAGE,https://www.perthmint.com/shop/collector-coins/coins/australian-wedge-tailed-eagle-2024-1-kilo-silver-reverse-proof-ultra-high-relief-coin
4753,Chinese Myths and Legends Double Phoenix 2025 1oz Gold Proof Coin,Австралия,The Perth Mint,0,,NO_MINTAGE,https://www.perthmint.com/shop/collector-coins/coins/chinese-myths-and-legends-double-phoenix-2025-1oz-gold-proof-coin
4754,Chinese Myths and Legends Dragon 2021 2oz Gold Proof High Relief Coin,Австралия,The Perth Mint,0,,NO_MINTAGE,https://www.perthmint.com/shop/collector-coins/coins/chinese-myths-and-legends-dragon-2021-2oz-gold-proof-high-relief-coin
4756,Chinese Myths and Legends Phoenix 2023 1oz Platinum Reverse Proof Coin,Австралия,The Perth Mint,0,,NO_MINTAGE,https://www.perthmint.com/shop/collector-coins/coins/chinese-myths-and-legends-phoenix-1oz-platinum-reverse-proof-coin
4758,Chinese Myths and Legends Dragon and Koi 2023 1oz Gold Proof Ultra High Relief Coin,Австралия,The Perth Mint,0,,NO_MINTAGE,https://www.perthmint.com/shop/collector-coins/coins/chinese-myths-legends-dragon-koi-2023-1oz-gold-proof-ultra-high-relief-coin
4760,Chinese Myths and Legends Four Guardians 2024 1oz Gold Proof Coin,Австралия,The Perth Mint,0,,NO_MINTAGE,https://www.perthmint.com/shop/collector-coins/coins/chinese-myths-legends-four-guardians-2024-1oz-gold-proof-coin
4762,Double Dragon with Mother of Pearl 2024 2oz Gold Proof Coin,Австралия,The Perth Mint,0,,NO_MINTAGE,https://www.perthmint.com/shop/collector-coins/coins/double-dragon-and-pearl-2024-2oz-gold-proof-coin
4772,The Perth Mint’s 125th Anniversary Australia Double Sovereign 2024 Gold Proof Coin,Австралия,The Perth Mint,0,,NO_MINTAGE,https://www.perthmint.com/shop/collector-coins/coins/the-perth-mints-125th-anniversary-australia-double-sovereign-2024-gold-proof-coin
4775,The Perth Mint’s 125th Anniversary Australia Sovereign 2024 Gold Proof Five-Coin Set,Австралия,The Perth Mint,0,,NO_MINTAGE,https://www.perthmint.com/shop/collector-coins/coin-sets/the-perth-mints-125th-anniversary-australia-sovereign-2024-gold-proof-five-coin-set
4777,Tutankhamun Discovery 100 Year Anniversary 2022 1oz Gold Proof Coloured Coin,Тувалу,The Perth Mint,0,,NO_MINTAGE,https://www.perthmint.com/shop/collector-coins/coins/tutankhamun-discovery-100-year-anniversary-2022-1oz-gold-proof-coloured-coin
4913,Australian Koala 2025 1/2oz Gold Proof Coin,Австралия,The Perth Mint,0,,NO_MINTAGE,https://www.perthmint.com/shop/collector-coins/coins/australian-koala-2025-1-2oz-gold-proof-coin
4916,Australian Koala 2025 1oz Gold Proof Coloured Coin,Австралия,The Perth Mint,0,,NO_MINTAGE,https://www.perthmint.com/shop/collector-coins/coins/australian-koala-2025-1oz-gold-proof-coloured-coin
5190,65th Anniversary of the Coronation of Her Majesty QEII 2018 2oz Gold Proof Coin,Австралия,The Perth Mint,0,,NO_MINTAGE,https://www.perthmint.com/shop/collector-coins/coins/65th-anniversary-of-the-coronation-of-her-majesty-qeii-2018-2oz-gold-proof-coin
5208,1910 King Edward VII Sovereign Mintmark Trio,Великобритания,The Royal Mint,0,,NO_MINTAGE,https://www.perthmint.com/shop/collector-coins/sovereigns/1910-king-edward-vii-sovereign-mintmark-trio
5209,1911 King George V Perth Mint Gold Sovereign,Австралия,The Perth Mint,0,,NO_MINTAGE,https://www.perthmint.com/shop/collector-coins/sovereigns/1911-king-george-v-perth-mint-gold-sovereign
5210,1912 King George V Perth Mint Gold Sovereign,Австралия,The Perth Mint,0,,NO_MINTAGE,https://www.perthmint.com/shop/collector-coins/sovereigns/1912-king-george-v-perth-mint-gold-sovereign
5212,1914 Gold Sovereign Mintmark Trio,Великобритания,The Royal Mint,0,,NO_MINTAGE,https://www.perthmint.com/shop/collector-coins/sovereigns/1914-gold-sovereign-mintmark-trio
5213,1914 King George V Perth Mint Gold Sovereign,Австралия,The Perth Mint,0,,NO_MINTAGE,https://www.perthmint.com/shop/collector-coins/sovereigns/1914-king-george-v-perth-mint-gold-sovereign
5214,1915 Gold Sovereign Mintmark Trio,Великобритания,The Royal Mint,0,,NO_MINTAGE,https://www.perthmint.com/shop/collector-coins/sovereigns/1915-gold-sovereign-mintmark-trio
5215,1915 King George V Perth Mint Gold Sovereign,Австралия,The Perth Mint,0,,NO_MINTAGE,https://www.perthmint.com/shop/collector-coins/sovereigns/1915-king-george-v-perth-mint-gold-sovereign
5216,1916 King George V Gold Sovereign Mintmark Trio,Великобритания,The Royal Mint,0,,NO_MINTAGE,https://www.perthmint.com/shop/collector-coins/sovereigns/1916-king-george-v-gold-sovereign-mintmark-trio
5217,1916 King George V Perth Mint Gold Sovereign,Австралия,The Perth Mint,0,,NO_MINTAGE,https://www.perthmint.com/shop/collector-coins/sovereigns/1916-king-george-v-perth-mint-gold-sovereign
5219,1917 King George V Perth Mint Gold Sovereign,Австралия,The Perth Mint,0,,NO_MINTAGE,https://www.perthmint.com/shop/collector-coins/sovereigns/1917-king-george-v-perth-mint-gold-sovereign
5220,1918 Gold Sovereign Mintmark Trio,Великобритания,The Royal Mint,0,,NO_MINTAGE,https://www.perthmint.com/shop/collector-coins/sovereigns/1918-gold-sovereign-mintmark-trio
5221,1918 King George V Perth Mint Gold Sovereign,Австралия,The Perth Mint,0,,NO_MINTAGE,https://www.perthmint.com/shop/collector-coins/sovereigns/1918-king-george-v-perth-mint-gold-sovereign
5222,1919 Gold Sovereign Mintmark Trio,Великобритания,The Royal Mint,0,,NO_MINTAGE,https://www.perthmint.com/shop/collector-coins/sovereigns/1919-gold-sovereign-mintmark-trio
5224,1920 King George V Perth Mint Gold Sovereign,Австралия,The Perth Mint,0,,NO_MINTAGE,https://www.perthmint.com/shop/collector-coins/sovereigns/1920-king-george-v-perth-mint-gold-sovereign
5225,1925 King George V London Mint Sovereign,Великобритания,The Royal Mint,0,,NO_MINTAGE,https://www.perthmint.com/shop/collector-coins/sovereigns/1925-king-george-v-london-mint-sovereign
5231,Australian Kangaroo 2018 2oz Gold Proof High Relief Coin,Австралия,The Perth Mint,0,,NO_MINTAGE,https://www.perthmint.com/shop/collector-coins/coins/2018-australian-kangaroo-2-oz-99.99-gold-pr-hr-coin
5238,Australian Wedge-Tailed Eagle 2019 1oz Platinum Proof Coin,Австралия,The Perth Mint,0,,NO_MINTAGE,https://www.perthmint.com/shop/collector-coins/coins/2019-aust-wedge-tailed-eagle-1-oz-99.95-pt-proof-coin
5240,Australian Wedge-tailed Eagle 2019 5oz Gold Proof High Relief Coin,Австралия,The Perth Mint,0,,NO_MINTAGE,https://www.perthmint.com/shop/collector-coins/coins/2019-aust-wedge-tailed-eagle-5-oz-99.99-gold-pr-hr-coin
5259,Australia Five Sovereign 2025 Gold Proof Reverse Gilded Coin,Австралия,The Perth Mint,0,,NO_MINTAGE,https://www.perthmint.com/shop/collector-coins/coins/australia-five-sovereign-2025-gold-proof-reverse-gilded-coin
5262,Australia Sovereign 2014 Gold Proof Coin,Австралия,The Perth Mint,0,,NO_MINTAGE,https://www.perthmint.com/shop/collector-coins/sovereigns/australia-sovereign-2014-gold-proof-coin
5264,Australia Sovereign 2016 Gold Proof Coin,Австралия,The Perth Mint,0,,NO_MINTAGE,https://www.perthmint.com/shop/collector-coins/sovereigns/australia-sovereign-2016-gold-proof-coin
5266,Australia Sovereign 2018 Gold Proof Coin,Австралия,The Perth Mint,0,,NO_MINTAGE,https://www.perthmint.com/shop/collector-coins/sovereigns/australia-sovereign-2018-gold-proof-coin
5282,Australian Kangaroo 2017 2oz Gold Proof Pink Diamond Edition,Австралия,The Perth Mint,0,,NO_MINTAGE,https://www.perthmint.com/shop/collector-coins/coins/australian-kangaroo-2017-2oz-gold-proof-pink-diamond-edition
5294,Australian Kangaroo 2019 2 Kilo Silver Antiqued High Relief Coin,Австралия,The Perth Mint,0,,NO_MINTAGE,https://www.perthmint.com/shop/collector-coins/coins/australian-kangaroo-2019-2-kilo-silver-antiqued-high-relief-coin
5298,Australian Kangaroo 2020 2oz Gold Proof High Relief Coin,Австралия,The Perth Mint,0,,NO_MINTAGE,https://www.perthmint.com/shop/collector-coins/coins/australian-kangaroo-2020-2oz-gold-proof-high-relief-coin
5316,Australian Koala 2016 2oz Gold Proof High Relief Coin,Австралия,The Perth Mint,0,,NO_MINTAGE,https://www.perthmint.com/shop/collector-coins/coins/australian-koala-2016-2oz-gold-proof-high-relief-coin
5318,Australian Koala 2017 1 Kilo Silver Proof Coin,Австралия,The Perth Mint,0,,NO_MINTAGE,https://www.perthmint.com/shop/collector-coins/coins/australian-koala-2017-1-kilo-silver-proof-coin
5342,Australian Wedge-tailed Eagle 2019 2oz Gold Proof High Relief Coin,Австралия,The Perth Mint,0,,NO_MINTAGE,https://www.perthmint.com/shop/collector-coins/coins/2019-aust-wedge-tailed-eagle-2-oz-99.99-gold-pr-hr-coin
5539,Lake Argyle Pink Diamond 2018 10oz Pink Gold Ingot,Австралия,The Perth Mint,0,,NO_MINTAGE,https://www.perthmint.com/shop/collector-coins/ingots-and-bars/lake-argyle-pink-diamond-2018-10oz-gold-ingot-retail
5549,Perth Mint Great War Gold Sovereign Collection 1914–1918,Австралия,The Perth Mint,0,,NO_MINTAGE,https://www.perthmint.com/shop/collector-coins/sovereigns/perth-mint-great-war-gold-sovereign-collection-1914-1918
5577,Australian Koala 2018 2oz Gold Proof High Relief Coin,Австралия,The Perth Mint,0,,NO_MINTAGE,https://www.perthmint.com/shop/collector-coins/coins/australian-koala-2018-2oz-gold-proof-high-relief-coin
5578,Australian Koala 2018 5oz Gold Proof Coin,Австралия,The Perth Mint,0,,NO_MINTAGE,https://www.perthmint.com/shop/collector-coins/coins/australian-koala-2018-5oz-gold-proof-coin
5583,Australian Swan 2019 1oz Gold Proof High Relief Coin,Австралия,The Perth Mint,0,,NO_MINTAGE,https://www.perthmint.com/shop/collector-coins/coins/2019-swan-1-oz-99.99-gold-proof-hr-coin
5590,80th Anniversary of the Battle of Britain 2020 2oz Gold Proof Coin,Австралия,The Perth Mint,0,,NO_MINTAGE,https://www.perthmint.com/shop/collector-coins/coins/80th-anniversary-of-the-battle-of-britain-2020-2oz-gold-proof-coin
5594,Australian Koala 2019 2oz Gold Proof High Relief Coin,Австралия,The Perth Mint,0,,NO_MINTAGE,https://www.perthmint.com/shop/collector-coins/coins/australian-koala-2019-2oz-gold-proof-high-relief-coin
5596,Australian Koala 2020 1oz Gold Proof High Relief Coin,Австралия,The Perth Mint,0,,NO_MINTAGE,https://www.perthmint.com/shop/collector-coins/coins/australian-koala-2020-1oz-gold-proof-high-relief-coin
5600,Australian Kookaburra 2017 1kg Silver Proof Coin,Австралия,The Perth Mint,0,,NO_MINTAGE,https://www.perthmint.com/shop/collector-coins/coins/australian-kookaburra-2017-1kg-silver-proof-coin
5603,Australian Kookaburra 2018 1 Kilo Silver Proof Coin,Австралия,The Perth Mint,0,,NO_MINTAGE,https://www.perthmint.com/shop/collector-coins/coins/australian-kookaburra-2018-1-kilo-silver-proof-coin
5609,Australian Kookaburra 2020 2 Kilo Silver Antiqued High Relief Coin,Австралия,The Perth Mint,0,,NO_MINTAGE,https://www.perthmint.com/shop/collector-coins/coins/australian-kookaburra-2020-2-kilo-silver-antiqued-high-relief-coin
5617,Australian Lunar Series II 2016 Year of the Monkey 1oz Gold Proof High Relief Coin,Австралия,The Perth Mint,0,,NO_MINTAGE,https://www.perthmint.com/shop/collector-coins/coins/australian-lunar-gold-coin-series-ii-2016-year-of-the-monkey-1oz-gold-proof-high-relief-coin
5643,Australian Lunar Series II 2014 Year of the Horse 1oz Gold Proof High Relief Coin,Австралия,The Perth Mint,0,,NO_MINTAGE,https://www.perthmint.com/shop/collector-coins/coins/australian-lunar-series-ii-2014-year-of-the-horse-1oz-gold-proof-high-relief-coin
5654,Australian Lunar Series II 2015 Year of the Goat 1oz Gold Proof High Relief Coin,Австралия,The Perth Mint,0,,NO_MINTAGE,https://www.perthmint.com/shop/collector-coins/coins/australian-lunar-series-ii-2015-year-of-the-goat-1oz-gold-proof-high-relief-coin
5668,Australian Lunar Series II 2017 Year of the Rooster 1oz Gold Proof High Relief Coin,Австралия,The Perth Mint,0,,NO_MINTAGE,https://www.perthmint.com/shop/collector-coins/coins/australian-lunar-series-ii-2017-year-of-the-rooster-1oz-gold-proof-high-relief-coin
5675,Australian Lunar Series II Year of the Dog 2018 1oz Gold Proof High Relief Coin,Австралия,The Perth Mint,0,,NO_MINTAGE,https://www.perthmint.com/shop/collector-coins/coins/australian-lunar-series-ii-year-of-the-dog-2018-1oz-gold-proof-high-relief-coin
5714,Australian Wedge-tailed Eagle 2017 5oz Gold High Relief Coin,Австралия,The Perth Mint,0,,NO_MINTAGE,https://www.perthmint.com/shop/collector-coins/coins/australian-wedge-tailed-eagle-2017-5oz-gold-high-relief-coin
5720,Australian Wedge-tailed Eagle 2018 2oz Gold Proof High Relief Coin,Австралия,The Perth Mint,0,,NO_MINTAGE,https://www.perthmint.com/shop/collector-coins/coins/australian-wedge-tailed-eagle-2018-2oz-gold-proof-high-relief-coin
5722,Australian Wedge-tailed Eagle 2018 5oz Gold Proof High Relief Coin,Австралия,The Perth Mint,0,,NO_MINTAGE,https://www.perthmint.com/shop/collector-coins/coins/australian-wedge-tailed-eagle-2018-5oz-gold-proof-high-relief-coin
5724,Australian Wedge-tailed Eagle 2019 1kg Gold Proof Coin,Австралия,The Perth Mint,0,,NO_MINTAGE,https://www.perthmint.com/shop/collector-coins/coins/australian-wedge-tailed-eagle-2019-1kg-gold-proof-coin
5729,Australian Wedge-tailed Eagle 2020 1.5oz Bi-Metal Proof Coin,Австралия,The Perth Mint,0,,NO_MINTAGE,https://www.perthmint.com/shop/collector-coins/coins/australian-wedge-tailed-eagle-2020-1.5oz-bi-metal-proof-coin
5730,Australian Wedge-tailed Eagle 2020 1 Kilo Gold Proof Coin,Австралия,The Perth Mint,0,,NO_MINTAGE,https://www.perthmint.com/shop/collector-coins/coins/australian-wedge-tailed-eagle-2020-1-kilo-gold-proof-coin
5733,Australian Wedge-tailed Eagle 2020 1oz Platinum Proof Coin,Австралия,The Perth Mint,0,,NO_MINTAGE,https://www.perthmint.com/shop/collector-coins/coins/australian-wedge-tailed-eagle-2020-1oz-platinum-proof-coin
5735,Australian Wedge-tailed Eagle 2020 2oz Gold Proof High Relief Coin,Австралия,The Perth Mint,0,,NO_MINTAGE,https://www.perthmint.com/shop/collector-coins/coins/australian-wedge-tailed-eagle-2020-2oz-gold-proof-high-relief-coin
5737,Australian Wedge-tailed Eagle 2020 5oz Gold Proof Incused High Relief Coin,Австралия,The Perth Mint,0,,NO_MINTAGE,https://www.perthmint.com/shop/collector-coins/coins/australian-wedge-tailed-eagle-2020-5oz-gold-proof-incused-high-relief-coin
5756,Double Pixiu 2020 2oz Gold Proof High Relief Coin,Австралия,The Perth Mint,0,,NO_MINTAGE,https://www.perthmint.com/shop/collector-coins/coins/double-pixiu-2020-2oz-gold-proof-high-relief-coin
5761,End of WWI 100th Anniversary 2018 2oz Gold Proof High Relief Coin,Австралия,The Perth Mint,0,,NO_MINTAGE,https://www.perthmint.com/shop/collector-coins/coins/end-of-wwi-100th-anniversary-2018-2oz-gold-proof-high-relief-coin
5765,End of WWII 75th Anniversary 2020 2oz Gold Proof Coin,Австралия,The Perth Mint,0,,NO_MINTAGE,https://www.perthmint.com/shop/collector-coins/coins/end-of-wwii-75th-anniversary-2020-2oz-gold-proof-coin
5774,Henry Lawson 150th Anniversary 2017 5oz Silver Proof Coloured Coin,Австралия,The Perth Mint,0,,NO_MINTAGE,https://www.perthmint.com/shop/collector-coins/coins/henry-lawson-150th-anniversary-2017-5oz-silver-proof-coin
5779,Lake Argyle Pink Diamond 2018 1oz Pink Gold Ingot,Австралия,The Perth Mint,0,,NO_MINTAGE,https://www.perthmint.com/shop/collector-coins/ingots-and-bars/lake-argyle-pink-diamond-2018-1oz-pink-gold-ingot
5786,The 200th Anniversary of the Shield Back Sovereign Two-Coin Set,Австралия,The Perth Mint,0,,NO_MINTAGE,https://www.perthmint.com/shop/collector-coins/coin-sets/200th-anniversary-of-the-shield-back-sovereign-two-coin-set
5789,Pink Panther 2018 10oz Pink Gold Diamond Ingot,Австралия,The Perth Mint,0,,NO_MINTAGE,https://www.perthmint.com/shop/collector-coins/ingots-and-bars/pink-panther-2018-10oz-pink-gold-diamond-ingot
5792,Queen Victoria 200th Anniversary 2019 2oz Gold Proof Coin,Австралия,The Perth Mint,0,,NO_MINTAGE,https://www.perthmint.com/shop/collector-coins/coins/queen-victoria-200th-anniversary-2019-2oz-silver-proof-coin
5801,The Jewelled Tiger 2020 10oz Gold Proof Coin,Австралия,The Perth Mint,0,,NO_MINTAGE,https://www.perthmint.com/shop/collector-coins/coins/the-jewelled-tiger-2020-10oz-gold-proof-coin
5802,The Jewelled Turtle 2024 10oz Gold Proof Coin,Австралия,The Perth Mint,0,,NO_MINTAGE,https://www.perthmint.com/shop/collector-coins/coins/the-jewelled-turtle-2024-10oz-gold-proof-coin
5807,Voyage of Discovery Endeavour 1770-2020 2oz Silver Antiqued Coin,Австралия,The Perth Mint,0,,NO_MINTAGE,https://www.perthmint.com/shop/collector-coins/coins/voyage-of-discovery-endeavour-1770-2020-2oz-silver-antiqued-coin
5827,Australian Lunar Series III 2021 Year of the Ox 1oz Gold Proof High Relief Coin,Австралия,The Perth Mint,0,,NO_MINTAGE,https://www.perthmint.com/shop/collector-coins/coins/australian-lunar-series-iii-2021-year-of-the-ox-1oz-gold-proof-high-relief-coin
5830,Australian Stock Horse 2018 5oz Gold Proof Coin,Австралия,The Perth Mint,0,,NO_MINTAGE,https://www.perthmint.com/shop/collector-coins/coins/australian-stock-horse-2018-5oz-gold-proof-coin
5833,Australian Wedge-tailed Eagle 2018 1oz Platinum Proof Coin,Австралия,The Perth Mint,0,,NO_MINTAGE,https://www.perthmint.com/shop/collector-coins/coins/australian-wedge-tailed-eagle-2018-1oz-platinum-proof-coin
5891,Australian Kookaburra 1992 10 oz Silver BU,Австралия,The Perth Mint,0,,NO_MINTAGE,
5893,Australian Kookaburra 1993 2 oz Silver BU,Австралия,The Perth Mint,0,,NO_MINTAGE,
5894,Australian Kookaburra 1993 10 oz Silver BU,Австралия,The Perth Mint,0,,NO_MINTAGE,
5896,Australian Kookaburra 1994 2 oz Silver BU,Австралия,The Perth Mint,0,,NO_MINTAGE,
5898,Australian Kookaburra 1996 10 oz Silver BU,Австралия,The Perth Mint,0,,NO_MINTAGE,
5899,Australian Kookaburra 1997 2 oz Silver BU,Австралия,The Perth Mint,0,,NO_MINTAGE,
5900,Australian Kookaburra 1997 1 кг Silver BU,Австралия,The Perth Mint,0,,NO_MINTAGE,
5903,Australian Kookaburra 1999 2 oz Silver BU,Австралия,The Perth Mint,0,,NO_MINTAGE,
5904,Australian Kookaburra 1999 10 oz Silver BU,Австралия,The Perth Mint,0,,NO_MINTAGE,
5905,Australian Kookaburra 1999 1 кг Silver BU,Австралия,The Perth Mint,0,,NO_MINTAGE,
5907,Australian Kookaburra 2000 2 oz Silver BU,Австралия,The Perth Mint,0,,NO_MINTAGE,
5909,Australian Kookaburra 2001 2 oz Silver BU,Австралия,The Perth Mint,0,,NO_MINTAGE,
5910,Australian Kookaburra 2001 10 oz Silver BU,Австралия,The Perth Mint,0,,NO_MINTAGE,
5912,Australian Kookaburra 2002 2 oz Silver BU,Австралия,The Perth Mint,0,,NO_MINTAGE,
5913,Australian Kookaburra 2002 10 oz Silver BU,Австралия,The Perth Mint,0,,NO_MINTAGE,
5915,Australian Kookaburra 2003 2 oz Silver BU,Австралия,The Perth Mint,0,,NO_MINTAGE,
5916,Australian Kookaburra 2003 10 oz Silver BU,Австралия,The Perth Mint,0,,NO_MINTAGE,
5917,Australian Kookaburra 2003 1 кг Silver BU,Австралия,The Perth Mint,0,,NO_MINTAGE,
5918,Australian Kookaburra 2004 1 кг Silver BU,Австралия,The Perth Mint,0,,NO_MINTAGE,
5919,Australian Kookaburra 2005 2 oz Silver BU,Австралия,The Perth Mint,0,,NO_MINTAGE,
5922,Australian Kookaburra 2007 2 oz Silver BU,Австралия,The Perth Mint,0,,NO_MINTAGE,
5923,Australian Kookaburra 2007 10 oz Silver BU,Австралия,The Perth Mint,0,,NO_MINTAGE,
5924,Australian Kookaburra 2008 2 oz Silver BU,Австралия,The Perth Mint,0,,NO_MINTAGE,
5925,Australian Kookaburra 2008 10 oz Silver BU,Австралия,The Perth Mint,0,,NO_MINTAGE,
5926,Australian Kookaburra 2009 1 кг Silver BU,Австралия,The Perth Mint,0,,NO_MINTAGE,
5928,Australian Kookaburra 2010 10 oz Silver BU,Австралия,The Perth Mint,0,,NO_MINTAGE,
5930,Australian Kookaburra 2012 1 oz Silver BU,Австралия,The Perth Mint,0,,NO_MINTAGE,
5931,Australian Kookaburra 2014 10 oz Silver BU,Австралия,The Perth Mint,0,,NO_MINTAGE,
5932,Australian Kookaburra 2021 1 кг Silver BU,Австралия,The Perth Mint,0,,NO_MINTAGE,
5933,Australian Kookaburra 2017 1 кг Silver BU,Австралия,The Perth Mint,0,,NO_MINTAGE,
5934,Australian Kookaburra 2018 1 кг Silver BU,Австралия,The Perth Mint,0,,NO_MINTAGE,
5935,Australian Kookaburra 2019 1 кг Silver BU,Австралия,The Perth Mint,0,,NO_MINTAGE,
5936,Australian Kookaburra 2020 1 кг Silver BU,Австралия,The Perth Mint,0,,NO_MINTAGE,
5938,Australian Kookaburra 2021 10 oz Silver BU,Австралия,The Perth Mint,0,,NO_MINTAGE,
5967,Australian Kookaburra 1994 10 oz Silver BU,Австралия,The Perth Mint,0,,NO_MINTAGE,
5968,Australian Kookaburra 1998 10 oz Silver BU,Австралия,The Perth Mint,0,,NO_MINTAGE,
5969,Australian Kookaburra 2004 10 oz Silver BU,Австралия,The Perth Mint,0,,NO_MINTAGE,
5970,Australian Kookaburra 2005 10 oz Silver BU,Австралия,The Perth Mint,0,,NO_MINTAGE,
5971,Australian Kookaburra 2006 10 oz Silver BU,Австралия,The Perth Mint,0,,NO_MINTAGE,
5972,Australian Kookaburra 2011 10 oz Silver BU,Австралия,The Perth Mint,0,,NO_MINTAGE,
5973,Australian Kookaburra 2012 10 oz Silver BU,Австралия,The Perth Mint,0,,NO_MINTAGE,
5974,Australian Kookaburra 2013 10 oz Silver BU,Австралия,The Perth Mint,0,,NO_MINTAGE,
5975,Australian Kookaburra 2023 10 oz Silver BU,Австралия,The Perth Mint,0,,NO_MINTAGE,
5976,Australian Kookaburra 1992 1 кг Silver BU,Австралия,The Perth Mint,0,,NO_MINTAGE,
5977,Australian Kookaburra 1993 1 кг Silver BU,Австралия,The Perth Mint,0,,NO_MINTAGE,
5978,Australian Kookaburra 1995 1 кг Silver BU,Австралия,The Perth Mint,0,,NO_MINTAGE,
5979,Australian Kookaburra 1996 1 кг Silver BU,Австралия,The Perth Mint,0,,NO_MINTAGE,
5980,Australian Kookaburra 2001 1 кг Silver BU,Австралия,The Perth Mint,0,,NO_MINTAGE,
5981,Australian Kookaburra 2002 1 кг Silver BU,Австралия,The Perth Mint,0,,NO_MINTAGE,
5982,Australian Kookaburra 2005 1 кг Silver BU,Австралия,The Perth Mint,0,,NO_MINTAGE,
5983,Australian Kookaburra 2006 1 кг Silver BU,Австралия,The Perth Mint,0,,NO_MINTAGE,
5984,Australian Kookaburra 2014 1 кг Silver BU,Австралия,The Perth Mint,0,,NO_MINTAGE,
5988,Australian Kookaburra 1996 2 oz Silver BU,Австралия,The Perth Mint,0,,NO_MINTAGE,
5989,Australian Kookaburra 1998 2 oz Silver BU,Австралия,The Perth Mint,0,,NO_MINTAGE,
5990,Australian Kookaburra 2004 2 oz Silver BU,Австралия,The Perth Mint,0,,NO_MINTAGE,
5991,Australian Kookaburra 2006 2 oz Silver BU,Австралия,The Perth Mint,0,,NO_MINTAGE,
5993,Australian Kookaburra 2018 5 oz Silver High Relief,Австралия,The Perth Mint,0,,NO_MINTAGE,
5994,Australian Kookaburra 2019 5 oz Silver High Relief,Австралия,The Perth Mint,0,,NO_MINTAGE,
5995,Australian Kookaburra 2020 5 oz Silver High Relief,Австралия,The Perth Mint,0,,NO_MINTAGE,
5996,1911-1931 King George V Sovereign Typeset Collection,Австралия,The Perth Mint,0,,NO_MINTAGE,https://www.perthmint.com/shop/collector-coins/sovereigns/1911-1931-king-george-v-sovereign-typeset-collection
5999,Perth Mint 2021 Gold Sovereign Anniversary Two-Coin Set,Австралия,The Perth Mint,0,,NO_MINTAGE,https://www.perthmint.com/shop/collector-coins/sovereigns/perth-mint-2021-gold-sovereign-anniversary-pair
6002,1910 King Edward VII Sovereign Mintmark Trio,Австралия,The Perth Mint,0,,NO_MINTAGE,https://www.perthmint.com/shop/collector-coins/sovereigns/1910-king-edward-vii-sovereign-mintmark-trio
6003,1914 Gold Sovereign Mintmark Trio,Австралия,The Perth Mint,0,,NO_MINTAGE,https://www.perthmint.com/shop/collector-coins/sovereigns/1914-gold-sovereign-mintmark-trio
6004,1915 Gold Sovereign Mintmark Trio,Австралия,The Perth Mint,0,,NO_MINTAGE,https://www.perthmint.com/shop/collector-coins/sovereigns/1915-gold-sovereign-mintmark-trio
6005,1916 King George V Gold Sovereign Mintmark Trio,Австралия,The Perth Mint,0,,NO_MINTAGE,https://www.perthmint.com/shop/collector-coins/sovereigns/1916-king-george-v-gold-sovereign-mintmark-trio
6007,1918 Gold Sovereign Mintmark Trio,Австралия,The Perth Mint,0,,NO_MINTAGE,https://www.perthmint.com/shop/collector-coins/sovereigns/1918-gold-sovereign-mintmark-trio
6008,1919 Gold Sovereign Mintmark Trio,Австралия,The Perth Mint,0,,NO_MINTAGE,https://www.perthmint.com/shop/collector-coins/sovereigns/1919-gold-sovereign-mintmark-trio
6009,1925 King George V London Mint Sovereign,Австралия,The Perth Mint,0,,NO_MINTAGE,https://www.perthmint.com/shop/collector-coins/sovereigns/1925-king-george-v-london-mint-sovereign
6010,1926 King George V South African Mint Gold Sovereign,Австралия,The Perth Mint,0,,NO_MINTAGE,https://www.perthmint.com/shop/collector-coins/coins/1926-king-george-v-south-african-mint-gold-sovereign
6011,1927 King George V South African Mint Gold Sovereign,Австралия,The Perth Mint,0,,NO_MINTAGE,https://www.perthmint.com/shop/collector-coins/sovereigns/1927-king-george-v-south-african-mint-gold-sovereign
6303,2019 Allegories: Columbia & Germania 10 oz Silver BU,Польша,Germania Mint,0,,NO_MINTAGE,https://germaniamint.com/all-coins/allegories/2019-allegories-columbia-germania-10-oz-silver-bu
6305,2019 Warriors: Berserk 2 oz Silver BU,Польша,Germania Mint,0,,NO_MINTAGE,https://germaniamint.com/all-coins/warriors/2019-warriors-berserk-2-oz-silver-bu
6306,2020 Warriors: Ariowit 2 oz Silver BU,Польша,Germania Mint,0,,NO_MINTAGE,https://germaniamint.com/all-coins/warriors/2020-warriors-ariowit-2-oz-silver-bu
6308,2022 Allegories: Polonia & Germania 10 oz Silver BU,Польша,Germania Mint,0,,NO_MINTAGE,https://germaniamint.com/all-coins/allegories/2022-allegories-polonia-germania-10-oz-silver-bu
6311,2022 Warriors: Arminius 2 oz Silver BU,Польша,Germania Mint,0,,NO_MINTAGE,https://germaniamint.com/all-coins/warriors/2022-warriors-arminius-2-oz-silver-bu
6313,2023 Allegories: Galia & Germania 10 oz Silver BU,Польша,Germania Mint,0,,NO_MINTAGE,https://germaniamint.com/all-coins/allegories/2023-allegories-galia-germania-10-oz-silver-bu
6318,2023 Germania 1 oz Gold Proof,Польша,Germania Mint,0,,NO_MINTAGE,https://germaniamint.com/all-coins/germania/2023-germania-1-oz-gold-proof-1-oz-gold-proof
6328,2023 Malta Copernicus 100 Euro 1 oz Gold BU,Мальта,Germania Mint,0,,NO_MINTAGE,https://germaniamint.com/all-coins/partner-issues/2023-malta-copernicus-100-euro-1-oz-gold-bu
6331,2023 Mythical Forest: Beech Leaf 1 oz Gold Proof,Польша,Germania Mint,0,,NO_MINTAGE,https://germaniamint.com/all-coins/mythical-forest/2023-mythical-forest-beech-leaf-1-oz-gold-proof
6339,2024 Germania 1 oz Gold Proof,Польша,Germania Mint,0,,NO_MINTAGE,https://germaniamint.com/all-coins/germania/2024-germania-1-oz-gold-proof-1-oz-gold-proof
6344,2024 Germania Kilo Silver BU,Польша,Germania Mint,0,,NO_MINTAGE,https://germaniamint.com/all-coins/germania/2024-germania-kilo-silver-bu-kilo-silver-bu
6357,2025 Germania: 1 Kilo Silver BU,Польша,Germania Mint,0,,NO_MINTAGE,https://germaniamint.com/all-coins/germania/2025-germania-1-kilo-silver-bu
6360,2025 Germania 1 oz Gold Proof,Польша,Germania Mint,0,,NO_MINTAGE,https://germaniamint.com/all-coins/germania/2025-germania-1-oz-gold-proof-1-oz-gold-proof
6367,2025 Malta Golden Eagle: 100 Euro 1 oz Gold Proof – Limited Edition,Мальта,Germania Mint,0,,NO_MINTAGE,https://germaniamint.com/all-coins/golden-eagle/2025-malta-golden-eagle-100-euro-1-oz-gold-proof-limited-edition
6374,2025 Mythical Forest: Yggdrasil Autumn 1 oz Silver BU,Польша,Germania Mint,0,,NO_MINTAGE,https://germaniamint.com/all-coins/mythical-forest/2025-mythical-forest-yggdrasil-autumn-1-oz-silver-bu
6375,2025 Mythical Forest: Yggdrasil Goldenleaf 1 oz Silver BU - Special Edition,Польша,Germania Mint,0,,NO_MINTAGE,https://germaniamint.com/all-coins/mythical-forest/2025-mythical-forest-yggdrasil-goldenleaf-1-oz-silver-bu-special-edition
6376,2025 Mythical Forest: Yggdrasil Spring 1 oz Silver BU,Польша,Germania Mint,0,,NO_MINTAGE,https://germaniamint.com/all-coins/mythical-forest/2025-mythical-forest-yggdrasil-spring-1-oz-silver-bu
6377,2025 Mythical Forest: Yggdrasil Summer 1 oz Silver BU,Польша,Germania Mint,0,,NO_MINTAGE,https://germaniamint.com/all-coins/mythical-forest/2025-mythical-forest-yggdrasil-summer-1-oz-silver-bu
6378,2025 Mythical Forest: Yggdrasil Winter 1 oz Silver BU,Польша,Germania Mint,0,,NO_MINTAGE,https://germaniamint.com/all-coins/mythical-forest/2025-mythical-forest-yggdrasil-winter-1-oz-silver-bu
6392,2026 Germania Packaging,Польша,Germania Mint,0,,NO_MINTAGE,https://germaniamint.com/all-coins/germania/2026-germania-1-oz-gold-bu
6421,2019 Allegories: Britannia & Germania 10 oz Silver BU,Польша,Germania Mint,0,,NO_MINTAGE,https://germaniamint.com/all-coins/allegories/2019-allegories-britannia-germania-10-oz-silver-bu
6426,2019 Germania: 1 oz Gold Proof,Польша,Germania Mint,0,,NO_MINTAGE,https://germaniamint.com/all-coins/germania/2019-germania-1-oz-gold-proof
6433,2019 Mythical Forest: Oak Leaf 1 oz Gold Proof,Польша,Germania Mint,0,,NO_MINTAGE,https://germaniamint.com/all-coins/mythical-forest/2019-mythical-forest-oak-leaf-1-oz-gold-proof
6438,2020 Allegories: Italia & Germania 10 oz Silver BU,Польша,Germania Mint,0,,NO_MINTAGE,https://germaniamint.com/all-coins/allegories/2020-allegories-italia-germania-10-oz-silver-bu
6441,2020 Germania 1 oz Gold BU,Польша,Germania Mint,0,,NO_MINTAGE,https://germaniamint.com/all-coins/germania/2020-germania-1-oz-gold-bu-1-oz-gold-bu
6442,2020 Germania 1 oz Gold Proof,Польша,Germania Mint,0,,NO_MINTAGE,https://germaniamint.com/all-coins/germania/2020-germania-1-oz-gold-proof-1-oz-gold-proof
6445,2020 Germania Kilo Silver BU,Польша,Germania Mint,0,,NO_MINTAGE,https://germaniamint.com/all-coins/germania/2020-germania-kilo-silver-bu-kilo-silver-bu
6450,2021 Germania 1 oz Gold Proof,Польша,Germania Mint,0,,NO_MINTAGE,https://germaniamint.com/all-coins/germania/2021-germania-1-oz-gold-proof-1-oz-gold-proof
6455,2021 Germania Kilo Silver BU,Польша,Germania Mint,0,,NO_MINTAGE,https://germaniamint.com/all-coins/germania/2021-germania-kilo-silver-bu-kilo-silver-bu
6458,2021 Mythical Forest: Chestnut Leaf 1 oz Gold Proof,Польша,Germania Mint,0,,NO_MINTAGE,https://germaniamint.com/all-coins/mythical-forest/2021-mythical-forest-chestnut-leaf-1-oz-gold-proof
6465,2022 Germania 1 oz Gold Proof,Польша,Germania Mint,0,,NO_MINTAGE,https://germaniamint.com/all-coins/germania/2022-germania-1-oz-gold-proof-1-oz-gold-proof
6470,2022 Germania Kilo Silver BU,Польша,Germania Mint,0,,NO_MINTAGE,https://germaniamint.com/all-coins/germania/2022-germania-kilo-silver-bu-kilo-silver-bu
6473,2022 Mythical Forest: Linden Leaf 1 oz Gold Proof,Польша,Germania Mint,0,,NO_MINTAGE,https://germaniamint.com/all-coins/mythical-forest/2022-mythical-forest-linden-leaf-1-oz-gold-proof
6656,2025 Bearlin 5 oz Ag 999.9 Cast Bar,Польша,Germania Mint,0,,NO_MINTAGE,https://germaniamint.com/all-bars/bearlin-en/2025-bearlin-5-oz-ag-999-9-cast-bar
7176,"UFO MP -1766 BLUE GALAXY, 1766 CFA francs",Польша,Mennica Polska,0,,NO_MINTAGE,https://inwestycje.mennica.com.pl/ufo-mp-1766-blue-galaxy-1766-cfa-francs
7191,"Welcome to the world, 2000 CFA francs",Польша,Mennica Polska,0,,NO_MINTAGE,https://inwestycje.mennica.com.pl/welcome-to-the-world-2000-cfa-francs
7199,"Year of The Dragon, 50 dollars",Польша,Mennica Polska,0,,NO_MINTAGE,https://inwestycje.mennica.com.pl/year-of-the-dragon-50-dollars
7410,Art of the Quill – Agatha Christie Full coin Set - 20€ Silver High Relief and three 10€ novel coins - Proof quality yeardate 2026,Франция,Monnaie de Paris,0,,NO_MINTAGE,https://www.monnaiedeparis.fr/en/art-of-the-quill-agatha-christie-full-coin-set-20eur-silver-high-relief-and-three-10eur-novel-coins
7423,Art of the Quill - Luís Vaz de Camões 200€ 1 Oz Gold Coin - Proof Quality Yeardate 2024,Франция,Monnaie de Paris,0,,NO_MINTAGE,https://www.monnaiedeparis.fr/en/art-of-the-quill-luis-vaz-de-camoes-200eur-1-oz-gold-coin-proof-quality-yeardate-2024
7433,Asterix and the Olympic Games 200€ 1 Oz gold coin - Podium shape - Proof quality yeardate 2024,Франция,Monnaie de Paris,0,,NO_MINTAGE,https://www.monnaiedeparis.fr/en/asterix-and-the-olympic-games-200eur-1-oz-gold-coin-podium-shape-proof-quality-yeardate-2024
7482,Battle of Cowpens 200€ High Relief Gold Coin - Antique Finish Yeardate 2024,Франция,Monnaie de Paris,0,,NO_MINTAGE,https://www.monnaiedeparis.fr/en/battle-of-cowpens-200eur-high-relief-gold-coin-antique-finish-yeardate-2024
7484,Battle of Cowpens 250€ High Relief Silver Coin - Antique Finish Yeardate 2024,Франция,Monnaie de Paris,0,,NO_MINTAGE,https://www.monnaiedeparis.fr/en/battle-of-cowpens-250eur-high-relief-silver-coin-antique-finish-yeardate-2024
7486,Benjamin Franklin and the winged Genius 200€ Gold High relief coin - Antique quality yeardate 2025,Франция,Monnaie de Paris,0,,NO_MINTAGE,https://www.monnaiedeparis.fr/en/benjamin-franklin-and-the-winged-genius-200eur-gold-high-relief-coin-antique-quality-yeardate-2025
7488,Benjamin Franklin and the winged Genius 250€ Silver High Relief coin - Antique quality yeardate 2025,Франция,Monnaie de Paris,0,,NO_MINTAGE,https://www.monnaiedeparis.fr/en/benjamin-franklin-and-the-winged-genius-250eur-silver-high-relief-coin-antique-quality-yeardate-2025
7491,Ceilings of the Palais Garnier 250€ Silver Coin - BU quality yeardate 2025,Франция,Monnaie de Paris,0,,NO_MINTAGE,https://www.monnaiedeparis.fr/en/ceilings-of-the-palais-garnier-250eur-silver-coin-bu-quality-yeardate-2025
7492,Ceilings of the Palais Garnier 50€ 1/4oz Gold Coin - Proof quality yeardate 2025,Франция,Monnaie de Paris,0,,NO_MINTAGE,https://www.monnaiedeparis.fr/en/ceilings-of-the-palais-garnier-50eur-1-4oz-gold-coin-proof-quality-yeardate-2025
7508,Concorde 200€ 1 Oz Gold - Proof quality yeardate 2026,Франция,Monnaie de Paris,0,,NO_MINTAGE,https://www.monnaiedeparis.fr/en/concorde-200eur-1-oz-gold-proof-quality-yeardate-2026
7521,D-DAY 80th anniversary 10€ silver coin Set - D-Day to VE-Day - Proof quality yeardate 2024,Франция,Monnaie de Paris,0,,NO_MINTAGE,https://www.monnaiedeparis.fr/en/d-day-80th-anniversary-10eur-silver-coin-set-d-day-to-ve-day-proof-quality-yeardate-2024
7552,DC Comics 200€ 1 Oz gold coin - Proof quality yeardate 2025,Франция,Monnaie de Paris,0,,NO_MINTAGE,https://www.monnaiedeparis.fr/en/dc-comics-200eur-1-oz-gold-coin-proof-quality-yeardate-2025
7570,Disney animation classics Full coin Set 10€ Silver - Proof quality yeardate 2025,Франция,Monnaie de Paris,0,,NO_MINTAGE,https://www.monnaiedeparis.fr/en/disney-animation-classics-full-coin-set-10eur-silver-proof-quality-yeardate-2025
7584,Disney - Centenary 200€ 1oz gold coin - Proof Quality Yeardate 2023,Франция,Monnaie de Paris,0,,NO_MINTAGE,https://www.monnaiedeparis.fr/en/disney-centenary-200eur-1oz-gold-coin-proof-quality-yeardate-2023
7593,Disney The Lion King - 30th anniversary 200€ Gold 1Oz - Proof quality yeardate 2024,Франция,Monnaie de Paris,0,,NO_MINTAGE,https://www.monnaiedeparis.fr/en/disney-the-lion-king-30th-anniversary-200eur-gold-1oz-proof-quality-yeardate-2024
7604,Eiffel - Centenary of his death 200€ Gold 1oz Coin - Proof quality yeardate 2023,Франция,Monnaie de Paris,0,,NO_MINTAGE,https://www.monnaiedeparis.fr/en/eiffel-centenary-of-his-death-200eur-gold-1oz-coin-proof-quality-yeardate-2023
7611,FIFA – World Cup 2026 - reverse proof 500€ Gold coin - Proof quality yeardate 2025,Франция,Monnaie de Paris,0,,NO_MINTAGE,https://www.monnaiedeparis.fr/en/fifa-world-cup-2026-reverse-proof-500eur-gold-coin-proof-quality-yeardate-2025
7612,French Excellence - Dior 10000€ Gold Coin - Proof quality yeardate 2021,Франция,Monnaie de Paris,0,,NO_MINTAGE,https://www.monnaiedeparis.fr/en/french-excellence-dior-10000eu-gold-coin-proof-quality-yeardate-2021
7615,French Excellence - Dior 5000€ Pink Gold Coin - Proof quality yeardate 2021,Франция,Monnaie de Paris,0,,NO_MINTAGE,https://www.monnaiedeparis.fr/en/french-excellence-dior-5000eu-pink-gold-coin-proof-quality-yeardate-2021
7616,French Excellence - Dior 50€ Gold Coin - Proof quality yeardate 2021,Франция,Monnaie de Paris,0,,NO_MINTAGE,https://www.monnaiedeparis.fr/en/french-excellence-dior-50eu-gold-coin-proof-quality-yeardate-2021-0
7622,French Excellence - Lacoste 5 000€ Gold Coin 1 kilo - Proof quality yeardate 2023,Франция,Monnaie de Paris,0,,NO_MINTAGE,https://www.monnaiedeparis.fr/en/french-excellence-lacoste-5-000eur-gold-coin-1-kilo-proof-quality-yeardate-2023
7626,French Excellence - Lancôme 200€ 1 Oz Gold - Lipstick shape - Proof quality yeardate 2025,Франция,Monnaie de Paris,0,,NO_MINTAGE,https://www.monnaiedeparis.fr/en/french-excellence-lancome-200eur-1-oz-gold-lipstick-shape-proof-quality-yeardate-2025
7628,French Excellence - Lancôme 5 000€ 1 kilo Gold Coin - Proof quality yeardate 2025,Франция,Monnaie de Paris,0,,NO_MINTAGE,https://www.monnaiedeparis.fr/en/french-excellence-lancome-5-000eur-1-kilo-gold-coin-proof-quality-yeardate-2025
7634,French Excellence - Notre-Dame de Paris 200€ Gold 1Oz Proof - Proof quality yeardate 2024,Франция,Monnaie de Paris,0,,NO_MINTAGE,https://www.monnaiedeparis.fr/en/french-excellence-notre-dame-de-paris-200eur-gold-1oz-proof-proof-quality-yeardate-2024
7636,French Excellence - Notre-Dame de Paris 5 000€ Gold Coin 1 kilo - Proof quality yeardate 2024,Франция,Monnaie de Paris,0,,NO_MINTAGE,https://www.monnaiedeparis.fr/en/french-excellence-notre-dame-de-paris-5-000eur-gold-coin-1-kilo-proof-quality-yeardate-2024
7638,French Excellence - Notre-Dame de Paris 50€ 5 Oz Silver Coin - Proof quality yeardate 2024,Франция,Monnaie de Paris,0,,NO_MINTAGE,https://www.monnaiedeparis.fr/en/french-excellence-notre-dame-de-paris-50eur-5-oz-silver-coin-proof-quality-yeardate-2024
7645,George Washington Bust 200€ 1 Oz gold coin High Relief - Proof quality Yeardate 2025,Франция,Monnaie de Paris,0,,NO_MINTAGE,https://www.monnaiedeparis.fr/en/george-washington-bust-200eur-1-oz-gold-coin-high-relief-proof-quality-yeardate-2025
7647,George Washington Bust 500€ 5 Oz gold coin - Proof quality Yeardate 2025,Франция,Monnaie de Paris,0,,NO_MINTAGE,https://www.monnaiedeparis.fr/en/george-washington-bust-500eur-5-oz-gold-coin-proof-quality-yeardate-2025
7649,Golds of France - Fractional set Napoléon III - Proof Quality quality yeardate 2026,Франция,Monnaie de Paris,0,,NO_MINTAGE,https://www.monnaiedeparis.fr/en/golds-of-france-fractional-set-napoleon-iii-proof-quality-quality-yeardate-2026
7651,Golds of France - The Franc à Cheval 10 000€ Gold coin - Proof quality yeardate 2024,Франция,Monnaie de Paris,0,,NO_MINTAGE,https://www.monnaiedeparis.fr/en/golds-of-france-the-franc-a-cheval-10-000eur-gold-coin-proof-quality-yeardate-2024
7658,Golds of France - The Louis d'Or 10000€ Gold coin - Brilliant Uncirculated quality yeardate 2024,Франция,Monnaie de Paris,0,,NO_MINTAGE,https://www.monnaiedeparis.fr/en/golds-of-france-the-louis-d-or-10000eur-gold-coin-brilliant-uncirculated-quality-yeardate-2024
7666,Golds of France - The Napoleon III 10000€ Gold coin - Brilliant Uncirculated quality yeardate 2023,Франция,Monnaie de Paris,0,,NO_MINTAGE,https://www.monnaiedeparis.fr/en/golds-of-france-the-napoleon-iii-10000eur-gold-coin-brilliant-uncirculated-quality-yeardate-2023
7714,Libertas Americana 250€ high relief silver coin - Antique Finish yeardate 2023,Франция,Monnaie de Paris,0,,NO_MINTAGE,https://www.monnaiedeparis.fr/en/libertas-americana-250eur-high-relief-silver-coin-antique-finish-yeardate-2023
7716,Libertas Americana 500€ high relief gold coin - Antique Finish yeardate 2023,Франция,Monnaie de Paris,0,,NO_MINTAGE,https://www.monnaiedeparis.fr/en/libertas-americana-500eur-high-relief-gold-coin-antique-finish-yeardate-2023
7718,"Liberty leading the people, Eugène Delacroix 250€ silver coin colorized - Proof quality yeardate 2023",Франция,Monnaie de Paris,0,,NO_MINTAGE,https://www.monnaiedeparis.fr/en/liberty-leading-the-people-eugene-delacroix-250eur-silver-coin-colorized-proof-quality-yeardate-2023
7719,"Liberty leading the people, Eugène Delacroix 500€ 5oz gold coin - Proof quality yeardate 2023",Франция,Monnaie de Paris,0,,NO_MINTAGE,https://www.monnaiedeparis.fr/en/liberty-leading-the-people-eugene-delacroix-500eur-5oz-gold-coin-proof-quality-yeardate-2023
7748,"Marten Soolmans and Oopjen Coppit, Rembrandt 250 € 1/2 kg silver colorized coin - BU Quality Yeardate 2025",Франция,Monnaie de Paris,0,,NO_MINTAGE,https://www.monnaiedeparis.fr/en/marten-soolmans-and-oopjen-coppit-rembrandt-250-eur-1-2-kg-silver-colorized-coin-bu-quality-yeardate
7749,"Marten Soolmans and Oopjen Coppit, Rembrandt 50€ ¼ Oz Gold coin - Proof Quality Yeardate 2025",Франция,Monnaie de Paris,0,,NO_MINTAGE,https://www.monnaiedeparis.fr/en/marten-soolmans-and-oopjen-coppit-rembrandt-50eur-oz-gold-coin-proof-quality-yeardate-2025
7773,Olympics Winter Games 200€ Gold coin - Proof Quality Yeardate 2026,Франция,Monnaie de Paris,0,,NO_MINTAGE,https://www.monnaiedeparis.fr/en/olympics-winter-games-200eur-gold-coin-proof-quality-yeardate-2026
7785,Rafale Marine 50€ 5 Oz Silver Coin - Proof quality yeardate 2022,Франция,Monnaie de Paris,0,,NO_MINTAGE,https://www.monnaiedeparis.fr/en/rafale-marine-50eur-5-oz-silver-coin-proof-quality-yeardate-2022
7796,Snoopy 200€ 1 Oz gold coin - Snoopy shape - Proof quality yeardate 2025,Франция,Monnaie de Paris,0,,NO_MINTAGE,https://www.monnaiedeparis.fr/en/snoopy-200eur-1-oz-gold-coin-snoopy-shape-proof-quality-yeardate-2025
7809,The Little Prince 500€ 5 Oz Gold Coin - Proof Quality Yeardate 2021,Франция,Monnaie de Paris,0,,NO_MINTAGE,https://www.monnaiedeparis.fr/en/the-little-prince-500eu-5-oz-gold-coin-proof-quality-yeardate-2021
7820,"The Sower by John Mercanti, Lady Liberty by Joaquin Jimenez 200€ Gold coin - Proof Quality Yeardate 2024",Франция,Monnaie de Paris,0,,NO_MINTAGE,https://www.monnaiedeparis.fr/en/the-sower-by-john-mercanti-lady-liberty-by-joaquin-jimenez-200eur-gold-coin-proof-quality-yeardate
7823,"The Sower by John Mercanti, Lady Liberty by Joaquin Jimenez 500€ Gold coin - Proof Quality Yeardate 2024",Франция,Monnaie de Paris,0,,NO_MINTAGE,https://www.monnaiedeparis.fr/en/the-sower-by-john-mercanti-lady-liberty-by-joaquin-jimenez-500eur-gold-coin-proof-quality-yeardate
7825,The Sower - Myths and Wealth 100€ 1/2 oz gold coin - El Dorado - Proof Quality Yeardate 2025,Франция,Monnaie de Paris,0,,NO_MINTAGE,https://www.monnaiedeparis.fr/en/the-sower-myths-and-wealth-100eur-1-2-oz-gold-coin-el-dorado-proof-quality-yeardate-2025
7826,The Sower - Myths and Wealth 100€ 1/2 oz gold coin - King Midas - Proof Quality Yeardate 2023,Франция,Monnaie de Paris,0,,NO_MINTAGE,https://www.monnaiedeparis.fr/en/the-sower-myths-and-wealth-100eur-1-2-oz-gold-coin-king-midas-proof-quality-yeardate-2023
7827,The Sower - Myths and Wealth 100€ 1/2 oz gold coin - The Golden Fleece - Proof Quality Yeardate 2024,Франция,Monnaie de Paris,0,,NO_MINTAGE,https://www.monnaiedeparis.fr/en/the-sower-myths-and-wealth-100eur-1-2-oz-gold-coin-the-golden-fleece-proof-quality-yeardate-2024
7840,The Space Odyssey with Thomas Pesquet 200€ 1 Oz gold coin - Proof quality yeardate 2025,Франция,Monnaie de Paris,0,,NO_MINTAGE,https://www.monnaiedeparis.fr/en/the-space-odyssey-with-thomas-pesquet-200eur-1-oz-gold-coin-proof-quality-yeardate-2025
7850,The Water lily pond: green harmony 200€ 1 oz gold coin - Proof quality yeardate 2022,Франция,Monnaie de Paris,0,,NO_MINTAGE,https://www.monnaiedeparis.fr/en/the-water-lily-pond-green-harmony-200eur-1-oz-gold-coin-proof-quality-yeardate-2022
7851,The Water lily pond: green harmony 250€ 1/2kg silver coin - Proof quality yeardate 2022,Франция,Monnaie de Paris,0,,NO_MINTAGE,https://www.monnaiedeparis.fr/en/the-water-lily-pond-green-harmony-250eur-1-2kg-silver-coin-proof-quality-yeardate-2022
7863,Tour de France 2025 – departure / arrival 200€ 1 Oz gold coin - Proof quality Yeardate 2025,Франция,Monnaie de Paris,0,,NO_MINTAGE,https://www.monnaiedeparis.fr/en/tour-de-france-2025-departure-arrival-200eur-1-oz-gold-coin-proof-quality-yeardate-2025
7880,"UNESCO - SHURI CASTLE, GUSUKU SITES AND ASSOCIATED PROPERTIES IN THE RYUKYU KINGDOM 500€ gold coin - Proof quality yeardate 2025",Франция,Monnaie de Paris,0,,NO_MINTAGE,https://www.monnaiedeparis.fr/en/unesco-shuri-castle-gusuku-sites-and-associated-properties-in-the-ryukyu-kingdom-500eur-gold-coin
7892,V-E DAY 80th anniversary 200€ 1 Oz gold coin - French Soldier - Proof quality yeardate 2025,Франция,Monnaie de Paris,0,,NO_MINTAGE,https://www.monnaiedeparis.fr/en/v-e-day-80th-anniversary-200eur-1-oz-gold-coin-french-soldier-proof-quality-yeardate-2025
7900,Year of the dragon 500€ Gold 5oz coin - Proof quality yeardate 2024,Франция,Monnaie de Paris,0,,NO_MINTAGE,https://www.monnaiedeparis.fr/en/year-of-the-dragon-500eur-gold-5oz-coin-proof-quality-yeardate-2024
7905,Year of the horse 500€ 5 Oz Gold Coin - reverse proof - Proof quality yeardate 2026,Франция,Monnaie de Paris,0,,NO_MINTAGE,https://www.monnaiedeparis.fr/en/year-of-the-horse-500eur-5-oz-gold-coin-reverse-proof-proof-quality-yeardate-2026
7906,Year of the horse 500€ 5oz Gold Coin - Proof quality yeardate 2026,Франция,Monnaie de Paris,0,,NO_MINTAGE,https://www.monnaiedeparis.fr/en/year-of-the-horse-500eur-5oz-gold-coin-proof-quality-yeardate-2026
