file	changed	border_dark_ratio	removed_pixels	removed_ratio
100-years-of-winnie-the-pooh-kindness-2026-50p-silver-proof-colour-coin-obv.webp	0	0.0000	0	0.0000
100-years-of-winnie-the-pooh-kindness-2026-50p-silver-proof-colour-coin-rev.webp	0	0.0000	0	0.0000
100th-anniversary-of-the-birth-of-qeii-two-coin-silver-proof-set-obv.webp	0	0.0000	0	0.0000
100th-anniversary-of-the-birth-of-qeii-two-coin-silver-proof-set-rev.webp	0	0.0000	0	0.0000
100th-anniversary-of-the-birth-of-queen-elizabeth-ii-2026-1kg-silver-proof-coin-obv.webp	0	0.0000	0	0.0000
100th-anniversary-of-the-birth-of-queen-elizabeth-ii-2026-1kg-silver-proof-coin-rev.webp	0	0.0000	0	0.0000
100th-anniversary-of-the-birth-of-queen-elizabeth-ii-2026-silver-proof-coin-obv.webp	0	0.0000	0	0.0000
100th-anniversary-of-the-birth-of-queen-elizabeth-ii-2026-silver-proof-coin-rev.webp	0	0.0000	0	0.0000
100th-anniversary-of-the-birth-of-queen-elizabeth-ii-2026-silver-proof-piedfort-coin-obv.webp	0	0.0000	0	0.0000
100th-anniversary-of-the-birth-of-queen-elizabeth-ii-2026-silver-proof-piedfort-coin-rev.webp	0	0.0000	0	0.0000
150-years-of-liberty-2025-silver-proof-colour-coin-obv.webp	0	0.0000	0	0.0000
150-years-of-liberty-2025-silver-proof-colour-coin-rev.webp	0	0.0000	0	0.0000
1995-eire-united-nations-silver-1-obv.webp	0	0.0000	0	0.0000
1995-eire-united-nations-silver-1-rev.webp	0	0.0000	0	0.0000
200-years-of-the-modern-railway-2025-silver-proof-coin-cert.webp	0	0.0000	0	0.0000
200-years-of-the-modern-railway-2025-silver-proof-coin-obv.webp	0	0.0000	0	0.0000
200-years-of-the-modern-railway-2025-silver-proof-coin-rev.webp	0	0.0000	0	0.0000
200-years-of-the-modern-railway-2025-silver-proof-piedfort-coin-cert.webp	0	0.0000	0	0.0000
200-years-of-the-modern-railway-2025-silver-proof-piedfort-coin-obv.webp	0	0.0000	0	0.0000
200-years-of-the-modern-railway-2025-silver-proof-piedfort-coin-rev.webp	0	0.0000	0	0.0000
200-years-of-the-modern-railway-collector-set-cert.webp	0	0.0000	0	0.0000
200-years-of-the-modern-railway-collector-set-obv.webp	0	0.0000	0	0.0000
200-years-of-the-modern-railway-collector-set-rev.webp	0	0.0000	0	0.0000
200-years-of-the-rnli-2024-uk-50p-silver-proof-coin-obv.webp	1	0.9997	514706	0.3574
200-years-of-the-rnli-2024-uk-50p-silver-proof-coin-rev.webp	1	0.9997	542368	0.3766
200-years-of-the-rnli-2024-uk-50p-silver-proof-piedfort-coin-obv.webp	1	1.0000	604753	0.4200
200-years-of-the-rnli-2024-uk-50p-silver-proof-piedfort-coin-rev.webp	1	1.0000	532029	0.3695
2001-britannia-silver-proof-set-cert.webp	0	0.0000	0	0.0000
2001-britannia-silver-proof-set-obv.webp	0	0.0000	0	0.0000
2001-britannia-silver-proof-set-rev.webp	0	0.0000	0	0.0000
2009-sir-isaac-newton-silver-5-celebration-of-britain-obv.webp	0	0.0000	0	0.0000
2009-sir-isaac-newton-silver-5-celebration-of-britain-rev.webp	0	0.0000	0	0.0000
2017-a-life-of-service-prince-philip-silver-5-crown-obv.webp	0	0.0000	0	0.0000
2017-a-life-of-service-prince-philip-silver-5-crown-rev.webp	0	0.0000	0	0.0000
2023-lunar-year-of-the-rabbit-1kg-silver-proof-trial-piece-obv.webp	1	1.0000	747334	0.5190
2023-lunar-year-of-the-rabbit-1kg-silver-proof-trial-piece-rev.webp	1	1.0000	728596	0.5060
2024-baby-silver-penny-obv.webp	0	0.0000	0	0.0000
2024-baby-silver-penny-rev.webp	0	0.0000	0	0.0000
2024-silver-sixpence-obv.webp	0	0.0000	0	0.0000
2024-silver-sixpence-rev.webp	0	0.0000	0	0.0000
2024-wedding-silver-sixpence-obv.webp	0	0.0000	0	0.0000
2024-wedding-silver-sixpence-rev.webp	0	0.0000	0	0.0000
2025-baby-silver-penny-obv.webp	0	0.0000	0	0.0000
2025-baby-silver-penny-rev.webp	0	0.0000	0	0.0000
2025-britannia-1oz-silver-proof-coin-box.webp	0	0.0000	0	0.0000
2025-britannia-1oz-silver-proof-coin-obv.webp	0	0.0000	0	0.0000
2025-britannia-1oz-silver-proof-coin-rev.webp	0	0.0000	0	0.0000
2025-britannia-2oz-silver-proof-coin-box.webp	0	0.0000	0	0.0000
2025-britannia-2oz-silver-proof-coin-obv.webp	0	0.0000	0	0.0000
2025-britannia-2oz-silver-proof-coin-rev.webp	0	0.0000	0	0.0000
2025-britannia-5oz-silver-proof-coin-box.webp	0	0.0000	0	0.0000
2025-britannia-5oz-silver-proof-coin-obv.webp	0	0.0000	0	0.0000
2025-britannia-5oz-silver-proof-coin-rev.webp	0	0.0000	0	0.0000
2025-britannia-six-coin-silver-proof-set-obv.webp	0	0.0000	0	0.0000
2025-britannia-six-coin-silver-proof-set-rev.webp	0	0.0000	0	0.0000
2025-silver-sixpence-obv.webp	0	0.0000	0	0.0000
2025-silver-sixpence-rev.webp	0	0.0000	0	0.0000
2026-baby-silver-penny-obv.webp	0	0.0000	0	0.0000
2026-baby-silver-penny-rev.webp	0	0.0000	0	0.0000
2026-britannia-1oz-silver-proof-coin-obv.webp	0	0.0000	0	0.0000
2026-britannia-1oz-silver-proof-coin-rev.webp	0	0.0000	0	0.0000
2026-britannia-2oz-silver-proof-coin-blister-rev.webp	0	0.0000	0	0.0000
2026-silver-sixpence-obv.webp	0	0.0000	0	0.0000
2026-silver-sixpence-rev.webp	0	0.0000	0	0.0000
350-years-of-the-royal-observatory-greenwich-2025-silver-proof-coin-cert.webp	0	0.0000	0	0.0000
350-years-of-the-royal-observatory-greenwich-2025-silver-proof-coin-obv.webp	0	0.0000	0	0.0000
350-years-of-the-royal-observatory-greenwich-2025-silver-proof-coin-rev.webp	0	0.0000	0	0.0000
50th-anniversary-of-the-first-flight-of-concorde-silver-set-obv.webp	0	0.0000	0	0.0000
50th-anniversary-of-the-first-flight-of-concorde-silver-set-rev.webp	0	0.0000	0	0.0000
75-years-of-dennis-the-menace-2026-50p-silver-proof-colour-coin-obv.webp	0	0.0000	0	0.0000
75-years-of-dennis-the-menace-2026-50p-silver-proof-colour-coin-rev.webp	0	0.0000	0	0.0000
australian-kangaroo-2024-1oz-silver-bullion-coin-obv.webp	0	0.0000	0	0.0000
australian-kangaroo-2024-1oz-silver-bullion-coin-rev.webp	0	0.0000	0	0.0000
bb26s1c-britannia-2026-1oz-silver-bullion-coin-obv.webp	0	0.0000	0	0.0000
bb26s1c-britannia-2026-1oz-silver-bullion-coin-rev.webp	0	0.0000	0	0.0000
bond-films-of-the-1980s-2024-2oz-silver-proof-coin-box.webp	0	0.0000	0	0.0000
bond-films-of-the-1980s-2024-2oz-silver-proof-coin-obv.webp	0	0.0000	0	0.0000
bond-films-of-the-1980s-2024-2oz-silver-proof-coin-rev.webp	0	0.0000	0	0.0000
bond-films-of-the-1980s-2024-5oz-silver-proof-coin-box.webp	0	0.0000	0	0.0000
bond-films-of-the-1980s-2024-5oz-silver-proof-coin-obv.webp	0	0.0000	0	0.0000
bond-films-of-the-1980s-2024-5oz-silver-proof-coin-rev.webp	0	0.0000	0	0.0000
bond-films-of-the-1990s-2024-1oz-silver-proof-coin-box.webp	0	0.0000	0	0.0000
bond-films-of-the-1990s-2024-1oz-silver-proof-coin-obv.webp	0	0.0000	0	0.0000
bond-films-of-the-1990s-2024-1oz-silver-proof-coin-rev.webp	0	0.0000	0	0.0000
bond-films-of-the-1990s-2024-5oz-silver-proof-coin-box.webp	0	0.0000	0	0.0000
bond-films-of-the-1990s-2024-5oz-silver-proof-coin-obv.webp	0	0.0000	0	0.0000
bond-films-of-the-1990s-2024-5oz-silver-proof-coin-rev.webp	0	0.0000	0	0.0000
britannia-2022-1-oz-silver-bullion-coin-blister-rev.webp	0	0.0000	0	0.0000
britannia-2024-uk-1-10oz-silver-bullion-coin-obv.webp	1	0.9998	612988	0.4257
britannia-2024-uk-1-10oz-silver-bullion-coin-rev.webp	1	1.0000	559462	0.3885
britannia-2024-uk-1-10oz-silver-proof-coin-obv.webp	1	1.0000	590149	0.4098
britannia-2024-uk-1-10oz-silver-proof-coin-rev.webp	1	1.0000	582681	0.4046
britannia-2024-uk-1-20oz-silver-proof-coin-obv.webp	1	1.0000	588504	0.4087
britannia-2024-uk-1-20oz-silver-proof-coin-rev.webp	1	1.0000	556063	0.3862
britannia-2024-uk-1-2oz-silver-proof-coin-obv.webp	1	1.0000	523593	0.3636
britannia-2024-uk-1-2oz-silver-proof-coin-rev.webp	1	1.0000	496342	0.3447
britannia-2024-uk-1-4oz-silver-proof-coin-obv.webp	1	1.0000	557173	0.3869
britannia-2024-uk-1-4oz-silver-proof-coin-rev.webp	1	1.0000	574723	0.3991
britannia-2024-uk-1-4oz-silver-proof-coin-tp25px103-obv.webp	1	1.0000	566095	0.3931
britannia-2024-uk-1-4oz-silver-proof-coin-tp25px103-rev.webp	1	1.0000	560462	0.3892
britannia-2024-uk-1oz-silver-bullion-coin-obv.webp	1	1.0000	569028	0.3952
britannia-2024-uk-1oz-silver-bullion-coin-rev.webp	1	1.0000	631247	0.4384
britannia-2024-uk-1oz-silver-coin-obv.webp	1	1.0000	562075	0.3903
britannia-2024-uk-1oz-silver-coin-rev.webp	1	1.0000	583375	0.4051
britannia-2024-uk-1oz-silver-proof-coin-frosted-obv.webp	1	1.0000	568250	0.3946
britannia-2024-uk-1oz-silver-proof-coin-frosted-rev.webp	1	1.0000	567541	0.3941
britannia-2024-uk-1oz-silver-proof-coin-obv.webp	1	1.0000	555088	0.3855
britannia-2024-uk-1oz-silver-proof-coin-rev.webp	1	1.0000	565514	0.3927
britannia-2024-uk-2oz-silver-proof-coin-obv.webp	1	1.0000	678654	0.4713
britannia-2024-uk-2oz-silver-proof-coin-rev.webp	1	1.0000	614138	0.4265
britannia-2024-uk-5oz-silver-proof-coin-obv.webp	1	1.0000	609222	0.4231
britannia-2024-uk-5oz-silver-proof-coin-rev.webp	1	1.0000	551622	0.3831
britannia-and-liberty-2024-uk-1-4oz-silver-bullion-coin-obv.webp	1	1.0000	557886	0.3874
britannia-and-liberty-2024-uk-1-4oz-silver-bullion-coin-rev.webp	1	1.0000	557886	0.3874
britannia-and-liberty-2024-uk-1oz-silver-bullion-coin-obv.webp	1	1.0000	560432	0.3892
britannia-and-liberty-2024-uk-1oz-silver-bullion-coin-rev.webp	1	1.0000	575993	0.4000
britannia-and-liberty-2024-uk-1oz-silver-proof-coin-obv.webp	1	1.0000	561902	0.3902
britannia-and-liberty-2024-uk-1oz-silver-proof-coin-rev.webp	1	0.9999	547041	0.3799
britannia-and-liberty-2024-uk-2oz-silver-proof-coin-obv.webp	1	1.0000	609712	0.4234
britannia-and-liberty-2024-uk-2oz-silver-proof-coin-rev.webp	1	1.0000	611401	0.4246
britannia-and-liberty-2024-uk-5oz-silver-proof-coin-obv.webp	1	1.0000	642157	0.4459
britannia-and-liberty-2024-uk-5oz-silver-proof-coin-rev.webp	1	1.0000	594139	0.4126
britannia-silver-set-blister-rev.webp	0	0.0000	0	0.0000
buckingham-palace-2024-uk-5-silver-proof-coin-obv.webp	1	1.0000	586729	0.4075
buckingham-palace-2024-uk-5-silver-proof-coin-rev.webp	1	1.0000	560440	0.3892
buckingham-palace-2024-uk-5-silver-proof-piedfort-coin-obv.webp	1	1.0000	555183	0.3855
buckingham-palace-2024-uk-5-silver-proof-piedfort-coin-rev.webp	1	1.0000	557895	0.3874
canadian-maple-leaf-2024-1oz-silver-bullion-coin-obv.webp	0	0.0000	0	0.0000
canadian-maple-leaf-2024-1oz-silver-bullion-coin-rev.webp	0	0.0000	0	0.0000
charles-iii-definitives-2024-uk-10p-silver-proof-coin-obv.webp	1	1.0000	791989	0.5500
charles-iii-definitives-2024-uk-10p-silver-proof-coin-rev.webp	1	1.0000	788256	0.5474
charles-iii-definitives-2024-uk-20p-silver-proof-coin-obv.webp	1	0.9999	603172	0.4189
charles-iii-definitives-2024-uk-20p-silver-proof-coin-rev.webp	1	0.9999	605390	0.4204
charles-iii-definitives-2024-uk-5p-silver-proof-coin-obv.webp	1	1.0000	912109	0.6334
charles-iii-definitives-2024-uk-5p-silver-proof-coin-rev.webp	1	1.0000	989939	0.6875
concorde-2026-50p-silver-proof-coin-cert.webp	0	0.0000	0	0.0000
count-dracula-2025-1oz-silver-bullion-coin-blister-obv.webp	0	0.0000	0	0.0000
count-dracula-2025-1oz-silver-bullion-coin-obv.webp	0	0.0000	0	0.0000
count-dracula-2025-1oz-silver-bullion-coin-rev.webp	0	0.0000	0	0.0000
d-day-2024-uk-1oz-2-pound-silver-proof-coin-obv.webp	1	1.0000	512909	0.3562
d-day-2024-uk-1oz-2-pound-silver-proof-coin-rev.webp	1	1.0000	495259	0.3439
d-day-2024-uk-2oz-silver-proof-coin-obv.webp	1	1.0000	616078	0.4278
d-day-2024-uk-2oz-silver-proof-coin-rev.webp	1	1.0000	599364	0.4162
d-day-2024-uk-50p-silver-proof-coin-obv.webp	1	1.0000	565779	0.3929
d-day-2024-uk-50p-silver-proof-coin-rev.webp	1	1.0000	578527	0.4018
dame-vera-lynn-1917-half-crown-and-2022-2-pound-silver-proof-box.webp	0	0.0000	0	0.0000
dame-vera-lynn-1917-half-crown-and-2022-2-pound-silver-proof-obv.webp	0	0.0000	0	0.0000
dame-vera-lynn-1917-half-crown-and-2022-2-pound-silver-proof-rev.webp	0	0.0000	0	0.0000
diplodocus-2024-50p-silver-proof-colour-coin-box.webp	0	0.0000	0	0.0000
diplodocus-2024-50p-silver-proof-colour-coin-obv.webp	0	0.0000	0	0.0000
diplodocus-2024-50p-silver-proof-colour-coin-rev.webp	0	0.0000	0	0.0000
elizabeth-ii-the-first-effigy-2026-silver-proof-piedfort-coin-obv.webp	0	0.0000	0	0.0000
elizabeth-ii-the-first-effigy-2026-silver-proof-piedfort-coin-rev.webp	0	0.0000	0	0.0000
elizabeth-ii-the-second-effigy-2026-silver-proof-coin-obv.webp	0	0.0000	0	0.0000
elizabeth-ii-the-second-effigy-2026-silver-proof-coin-rev.webp	0	0.0000	0	0.0000
elizabeth-ii-the-second-effigy-2026-silver-proof-piedfort-coin-obv.webp	0	0.0000	0	0.0000
elizabeth-ii-the-second-effigy-2026-silver-proof-piedfort-coin-rev.webp	0	0.0000	0	0.0000
george-michael-2024-uk-1oz-silver-proof-coin-obv.webp	1	1.0000	560099	0.3890
george-michael-2024-uk-1oz-silver-proof-coin-rev.webp	1	1.0000	580843	0.4034
george-michael-2024-uk-1oz-silver-proof-colour-coin-obv.webp	1	1.0000	555839	0.3860
george-michael-2024-uk-1oz-silver-proof-colour-coin-rev.webp	1	1.0000	529296	0.3676
george-michael-2024-uk-2oz-silver-proof-coin-obv.webp	1	1.0000	639047	0.4438
george-michael-2024-uk-2oz-silver-proof-coin-rev.webp	1	1.0000	627362	0.4357
george-orwell-2025-2-pound-silver-proof-coin-obv.webp	0	0.0000	0	0.0000
george-orwell-2025-2-pound-silver-proof-coin-rev.webp	0	0.0000	0	0.0000
giant-deer-2024-50p-silver-proof-colour-coin-obv.webp	0	0.0000	0	0.0000
giant-deer-2024-50p-silver-proof-colour-coin-rev.webp	0	0.0000	0	0.0000
harry-potter-the-patronus-2025-fifty-pence-silver-proof-colour-coin-box.webp	0	0.0000	0	0.0000
harry-potter-the-patronus-2025-fifty-pence-silver-proof-colour-coin-obv.webp	0	0.0000	0	0.0000
harry-potter-the-patronus-2025-fifty-pence-silver-proof-colour-coin-rev.webp	0	0.0000	0	0.0000
hms-belfast-2025-uk-2-pound-silver-proof-coin-obv.webp	0	0.0000	0	0.0000
hms-belfast-2025-uk-2-pound-silver-proof-coin-rev.webp	0	0.0000	0	0.0000
iron-maiden-2025-2oz-silver-proof-coin-obv.webp	0	0.0000	0	0.0000
iron-maiden-2025-2oz-silver-proof-coin-rev.webp	0	0.0000	0	0.0000
john-lennon-2025-1kg-silver-proof-coin-box.webp	0	0.0000	0	0.0000
john-lennon-2025-1kg-silver-proof-coin-obv.webp	0	0.0000	0	0.0000
john-lennon-2025-1kg-silver-proof-coin-rev.webp	0	0.0000	0	0.0000
krugerrand-2024-1oz-silver-bullion-coin-obv.webp	0	0.0000	0	0.0000
krugerrand-2024-1oz-silver-bullion-coin-rev.webp	0	0.0000	0	0.0000
legendary-creatures-loch-ness-monster-2026-uk-1oz-silver-bullion-coin-obv.webp	0	0.0000	0	0.0000
legendary-creatures-loch-ness-monster-2026-uk-1oz-silver-bullion-coin-rev.webp	0	0.0000	0	0.0000
lunar-year-of-the-dragon-2024-uk-5oz-silver-proof-coin-obv.webp	1	1.0000	510455	0.3545
lunar-year-of-the-dragon-2024-uk-5oz-silver-proof-coin-rev.webp	1	1.0000	588753	0.4089
lunar-year-of-the-horse-1oz-silver-proof-coin-obv.webp	0	0.0000	0	0.0000
lunar-year-of-the-horse-1oz-silver-proof-coin-rev.webp	0	0.0000	0	0.0000
lunar-year-of-the-snake-2025-1oz-silver-proof-coin-obv.webp	0	0.0000	0	0.0000
lunar-year-of-the-snake-2025-1oz-silver-proof-coin-rev.webp	0	0.0000	0	0.0000
lunar-year-of-the-snake-2025-5oz-silver-proof-coin-obv.webp	0	0.0000	0	0.0000
lunar-year-of-the-snake-2025-5oz-silver-proof-coin-rev.webp	0	0.0000	0	0.0000
mary-poppins-2025-50p-silver-proof-colour-coin-obv.webp	0	0.0000	0	0.0000
mary-poppins-2025-50p-silver-proof-colour-coin-rev.webp	0	0.0000	0	0.0000
merlin-2025-10oz-bullion-coin-blister-obv.webp	0	0.0000	0	0.0000
merlin-2025-10oz-bullion-coin-blister-rev.webp	0	0.0000	0	0.0000
merlin-2025-10oz-bullion-coin-obv.webp	0	0.0000	0	0.0000
merlin-2025-10oz-bullion-coin-rev.webp	0	0.0000	0	0.0000
myths-and-legends-morgan-le-fay-2023-uk-1oz-silver-proof-coin-blister-obv.webp	0	0.0000	0	0.0000
myths-and-legends-morgan-le-fay-2023-uk-1oz-silver-proof-coin-blister-rev.webp	0	0.0000	0	0.0000
myths-and-legends-morgan-le-fay-2023-uk-1oz-silver-proof-coin-obv.webp	1	1.0000	541023	0.3757
myths-and-legends-morgan-le-fay-2023-uk-1oz-silver-proof-coin-rev.webp	1	1.0000	535837	0.3721
paul-mccartney-2024-uk-1oz-silver-proof-coin-obv.webp	1	1.0000	519951	0.3611
paul-mccartney-2024-uk-1oz-silver-proof-coin-rev.webp	1	1.0000	580834	0.4034
paul-mccartney-2024-uk-2oz-silver-proof-coin-obv.webp	1	1.0000	547451	0.3802
paul-mccartney-2024-uk-2oz-silver-proof-coin-rev.webp	1	1.0000	603912	0.4194
paul-mccartney2024-uk-1oz-silver-proof-colour-coin-obv.webp	1	1.0000	539641	0.3748
paul-mccartney2024-uk-1oz-silver-proof-colour-coin-rev.webp	1	1.0000	565468	0.3927
penny-2024-silver-brilliant-uncirculated-coin-obv.webp	1	1.0000	926755	0.6436
penny-2024-silver-brilliant-uncirculated-coin-rev.webp	1	1.0000	1032294	0.7169
portraits-of-a-queen-elizabeth-ii-the-fifth-effigy-2026-silver-proof-piedfort-coin-obv.webp	0	0.0000	0	0.0000
portraits-of-a-queen-elizabeth-ii-the-fifth-effigy-2026-silver-proof-piedfort-coin-rev.webp	0	0.0000	0	0.0000
portraits-of-a-queen-elizabeth-ii-the-fourth-effigy-2026-silver-proof-coin-obv.webp	0	0.0000	0	0.0000
portraits-of-a-queen-elizabeth-ii-the-fourth-effigy-2026-silver-proof-coin-rev.webp	0	0.0000	0	0.0000
portraits-of-a-queen-elizabeth-ii-the-fourth-effigy-2026-silver-proof-piedfort-coin-obv.webp	0	0.0000	0	0.0000
portraits-of-a-queen-elizabeth-ii-the-fourth-effigy-2026-silver-proof-piedfort-coin-rev.webp	0	0.0000	0	0.0000
portraits-of-a-queen-elizabeth-ii-the-third-effigy-2026-silver-proof-coin-obv.webp	0	0.0000	0	0.0000
portraits-of-a-queen-elizabeth-ii-the-third-effigy-2026-silver-proof-coin-rev.webp	0	0.0000	0	0.0000
portraits-of-a-queen-elizabeth-ii-the-third-effigy-2026-silver-proof-piedfort-coin-obv.webp	0	0.0000	0	0.0000
portraits-of-a-queen-elizabeth-ii-the-third-effigy-2026-silver-proof-piedfort-coin-rev.webp	0	0.0000	0	0.0000
portraits-of-a-queen-elizabeth-the-fifth-effigy-2026-silver-proof-coin-obv.webp	0	0.0000	0	0.0000
portraits-of-a-queen-elizabeth-the-fifth-effigy-2026-silver-proof-coin-rev.webp	0	0.0000	0	0.0000
red-arrows-2025-50p-silver-proof-colour-coin-obv.webp	0	0.0000	0	0.0000
red-arrows-2025-50p-silver-proof-colour-coin-rev.webp	0	0.0000	0	0.0000
red-arrows-2025-50p-silver-proof-piedfort-colour-coin-box.webp	0	0.0000	0	0.0000
red-arrows-2025-50p-silver-proof-piedfort-colour-coin-obv.webp	0	0.0000	0	0.0000
red-arrows-2025-50p-silver-proof-piedfort-colour-coin-rev.webp	0	0.0000	0	0.0000
rqp252s-the-royal-tudor-beasts-2025-queens-panther-2oz-silver-bullion-coin-blister-obv.webp	0	0.0000	0	0.0000
rqp252s-the-royal-tudor-beasts-2025-queens-panther-2oz-silver-bullion-coin-blister-rev.webp	0	0.0000	0	0.0000
rqp252s-the-royal-tudor-beasts-2025-queens-panther-2oz-silver-bullion-coin-obv.webp	0	0.0000	0	0.0000
rqp252s-the-royal-tudor-beasts-2025-queens-panther-2oz-silver-bullion-coin-rev.webp	0	0.0000	0	0.0000
rrs-discovery-2025-2-pound-silver-proof-coin-cert.webp	0	0.0000	0	0.0000
rrs-discovery-2025-2-pound-silver-proof-coin-obv.webp	0	0.0000	0	0.0000
rrs-discovery-2025-2-pound-silver-proof-coin-rev.webp	0	0.0000	0	0.0000
rrs-discovery-2025-2-silver-proof-piedfort-coin-cert.webp	0	0.0000	0	0.0000
rrs-discovery-2025-2-silver-proof-piedfort-coin-obv.webp	0	0.0000	0	0.0000
rrs-discovery-2025-2-silver-proof-piedfort-coin-rev.webp	0	0.0000	0	0.0000
rtgr252s-the-royal-tudor-beasts-2025-greyhound-of-richmond-2oz-silver-bullion-coin-blister-obv.webp	0	0.0000	0	0.0000
rtgr252s-the-royal-tudor-beasts-2025-greyhound-of-richmond-2oz-silver-bullion-coin-blister-rev.webp	0	0.0000	0	0.0000
rtgr252s-the-royal-tudor-beasts-2025-greyhound-of-richmond-2oz-silver-bullion-coin-obv.webp	0	0.0000	0	0.0000
rtgr252s-the-royal-tudor-beasts-2025-greyhound-of-richmond-2oz-silver-bullion-coin-rev.webp	0	0.0000	0	0.0000
star-wars-darth-vader-and-emperor-palpatine-2023-uk-5oz-silver-proof-coin-blister-obv.webp	0	0.0000	0	0.0000
star-wars-darth-vader-and-emperor-palpatine-2023-uk-5oz-silver-proof-coin-blister-rev.webp	0	0.0000	0	0.0000
star-wars-darth-vader-and-emperor-palpatine-2023-uk-5oz-silver-proof-coin-obv.webp	1	1.0000	524355	0.3641
star-wars-darth-vader-and-emperor-palpatine-2023-uk-5oz-silver-proof-coin-rev.webp	1	1.0000	524108	0.3640
star-wars-death-star-ll-2024-uk-50p-silver-proof-colour-coin-obv.webp	1	0.9999	587593	0.4081
star-wars-death-star-ll-2024-uk-50p-silver-proof-colour-coin-rev.webp	1	0.9995	543742	0.3776
star-wars-han-solo-and-chewbacca-2024-uk-50p-silver-proof-colour-coin-obv.webp	1	0.9999	547349	0.3801
star-wars-han-solo-and-chewbacca-2024-uk-50p-silver-proof-colour-coin-rev.webp	1	0.9998	547084	0.3799
star-wars-millennium-falcon-2024-uk-50p-silver-proof-colour-coin-obv.webp	1	1.0000	559409	0.3885
star-wars-millennium-falcon-2024-uk-50p-silver-proof-colour-coin-rev.webp	1	0.9998	505488	0.3510
star-wars-tie-fighter-2024-uk-50p-silver-proof-colour-oin-obv.webp	1	0.9998	554810	0.3853
star-wars-tie-fighter-2024-uk-50p-silver-proof-colour-oin-rev.webp	1	0.9998	554810	0.3853
star-wars-x-wing-2024-5oz-silver-proof-coin-box.webp	0	0.0000	0	0.0000
star-wars-x-wing-2024-5oz-silver-proof-coin-obv.webp	0	0.0000	0	0.0000
star-wars-x-wing-2024-5oz-silver-proof-coin-rev.webp	0	0.0000	0	0.0000
star-wars-x-wing-2024-uk-50p-silver-proof-colour-coin-obv.webp	1	0.9997	573804	0.3985
star-wars-x-wing-2024-uk-50p-silver-proof-colour-coin-rev.webp	1	0.9997	546323	0.3794
stegosaurus-2024-50p-silver-proof-colour-coin-box.webp	0	0.0000	0	0.0000
stegosaurus-2024-50p-silver-proof-colour-coin-obv.webp	0	0.0000	0	0.0000
stegosaurus-2024-50p-silver-proof-colour-coin-rev.webp	0	0.0000	0	0.0000
steppe-mammoth-2024-50p-silver-proof-colour-coin-box.webp	0	0.0000	0	0.0000
steppe-mammoth-2024-50p-silver-proof-colour-coin-obv.webp	0	0.0000	0	0.0000
steppe-mammoth-2024-50p-silver-proof-colour-coin-rev.webp	0	0.0000	0	0.0000
stories-of-the-second-world-war-2025-50p-silver-piedfort-proof-coin-box.webp	0	0.0000	0	0.0000
stories-of-the-second-world-war-2025-50p-silver-piedfort-proof-coin-cert.webp	0	0.0000	0	0.0000
stories-of-the-second-world-war-2025-50p-silver-piedfort-proof-coin-obv.webp	0	0.0000	0	0.0000
stories-of-the-second-world-war-2025-50p-silver-piedfort-proof-coin-rev.webp	0	0.0000	0	0.0000
stories-of-the-second-world-war-2025-50p-silver-proof-coin-box.webp	0	0.0000	0	0.0000
stories-of-the-second-world-war-2025-50p-silver-proof-coin-obv.webp	0	0.0000	0	0.0000
stories-of-the-second-world-war-2025-50p-silver-proof-coin-rev.webp	0	0.0000	0	0.0000
team-gb-and-paralympicsgb-2024-50p-silver-proof-colour-coin-box.webp	0	0.0000	0	0.0000
team-gb-and-paralympicsgb-2024-50p-silver-proof-colour-coin-obv.webp	0	0.0000	0	0.0000
team-gb-and-paralympicsgb-2024-50p-silver-proof-colour-coin-rev.webp	0	0.0000	0	0.0000
the-75th-birthday-of-hrh-the-princess-royal-2025-5-pound-silver-proof-coin-cert.webp	0	0.0000	0	0.0000
the-75th-birthday-of-hrh-the-princess-royal-2025-5-pound-silver-proof-coin-obv.webp	0	0.0000	0	0.0000
the-75th-birthday-of-hrh-the-princess-royal-2025-5-pound-silver-proof-coin-rev.webp	0	0.0000	0	0.0000
the-75th-birthday-of-hrh-the-princess-royal-collector-coin-set-obv.webp	0	0.0000	0	0.0000
the-75th-birthday-of-hrh-the-princess-royal-collector-coin-set-rev.webp	0	0.0000	0	0.0000
the-80th-anniversary-of-ve-day-2025-50p-silver-proof-coin-cert.webp	0	0.0000	0	0.0000
the-80th-anniversary-of-ve-day-2025-50p-silver-proof-coin-obv.webp	0	0.0000	0	0.0000
the-80th-anniversary-of-ve-day-2025-50p-silver-proof-coin-rev.webp	0	0.0000	0	0.0000
the-80th-anniversary-of-ve-day-2025-50p-silver-proof-piedfort-coin-box.webp	0	0.0000	0	0.0000
the-80th-anniversary-of-ve-day-2025-50p-silver-proof-piedfort-coin-obv.webp	0	0.0000	0	0.0000
the-80th-anniversary-of-ve-day-2025-50p-silver-proof-piedfort-coin-rev.webp	0	0.0000	0	0.0000
the-80th-anniversary-of-ve-day-collector-two-coin-set-box.webp	0	0.0000	0	0.0000
the-80th-anniversary-of-ve-day-collector-two-coin-set-obv.webp	0	0.0000	0	0.0000
the-80th-anniversary-of-ve-day-collector-two-coin-set-rev.webp	0	0.0000	0	0.0000
the-angel-2026-1oz-silver-proof-coin-obv.webp	0	0.0000	0	0.0000
the-angel-2026-1oz-silver-proof-coin-rev.webp	0	0.0000	0	0.0000
the-angel-2026-2oz-silver-proof-coin-obv.webp	0	0.0000	0	0.0000
the-angel-2026-2oz-silver-proof-coin-rev.webp	0	0.0000	0	0.0000
the-battles-of-lexington-and-concord-2025-uk-1oz-silver-proof-coin-box.webp	0	0.0000	0	0.0000
the-battles-of-lexington-and-concord-2025-uk-1oz-silver-proof-coin-obv.webp	0	0.0000	0	0.0000
the-battles-of-lexington-and-concord-2025-uk-1oz-silver-proof-coin-rev.webp	0	0.0000	0	0.0000
the-battles-of-lexington-and-concord-2025-uk-2oz-silver-proof-coin-box.webp	0	0.0000	0	0.0000
the-battles-of-lexington-and-concord-2025-uk-2oz-silver-proof-coin-obv.webp	0	0.0000	0	0.0000
the-battles-of-lexington-and-concord-2025-uk-2oz-silver-proof-coin-rev.webp	0	0.0000	0	0.0000
the-british-lion-and-american-eagle-2024-1oz-silver-bullion-coin-blister-obv.webp	0	0.0000	0	0.0000
the-british-lion-and-american-eagle-2024-1oz-silver-bullion-coin-blister-rev.webp	0	0.0000	0	0.0000
the-british-lion-and-american-eagle-2024-1oz-silver-bullion-coin-obv.webp	0	0.0000	0	0.0000
the-british-lion-and-american-eagle-2024-1oz-silver-bullion-coin-rev.webp	0	0.0000	0	0.0000
the-flying-car-2025-50p-coloured-silver-proof-colour-coin-box.webp	0	0.0000	0	0.0000
the-flying-car-2025-50p-coloured-silver-proof-colour-coin-obv.webp	0	0.0000	0	0.0000
the-flying-car-2025-50p-coloured-silver-proof-colour-coin-rev.webp	0	0.0000	0	0.0000
the-greyhound-of-richmond-2025-1oz-silver-proof-coin-box.webp	0	0.0000	0	0.0000
the-greyhound-of-richmond-2025-1oz-silver-proof-coin-obv.webp	0	0.0000	0	0.0000
the-greyhound-of-richmond-2025-1oz-silver-proof-coin-rev.webp	0	0.0000	0	0.0000
the-greyhound-of-richmond-2025-2oz-silver-proof-coin-box.webp	0	0.0000	0	0.0000
the-greyhound-of-richmond-2025-2oz-silver-proof-coin-obv.webp	0	0.0000	0	0.0000
the-greyhound-of-richmond-2025-2oz-silver-proof-coin-rev.webp	0	0.0000	0	0.0000
the-life-of-queen-victoria-2026-5-pound-silver-piedfort-proof-coin-obv.webp	0	0.0000	0	0.0000
the-life-of-queen-victoria-2026-5-pound-silver-piedfort-proof-coin-rev.webp	0	0.0000	0	0.0000
the-life-of-queen-victoria-2026-5-pound-silver-proof-coin-obv.webp	0	0.0000	0	0.0000
the-life-of-queen-victoria-2026-5-pound-silver-proof-coin-rev.webp	0	0.0000	0	0.0000
the-life-of-queen-victoria-silver-set-obv.webp	0	0.0000	0	0.0000
the-life-of-queen-victoria-silver-set-rev.webp	0	0.0000	0	0.0000
the-lion-and-the-eagle-2023-1kg-silver-proof-trial-piece-with-microdot-matt-finish-obverse-obv.webp	0	0.0000	0	0.0000
the-lion-and-the-eagle-2023-1kg-silver-proof-trial-piece-with-microdot-matt-finish-obverse-rev.webp	0	0.0000	0	0.0000
the-lion-and-the-eagle-2024-10oz-silver-proof-coin-obv.webp	0	0.0000	0	0.0000
the-lion-and-the-eagle-2024-10oz-silver-proof-coin-rev.webp	0	0.0000	0	0.0000
the-lion-and-the-eagle-2024-5oz-silver-proof-coin-box.webp	0	0.0000	0	0.0000
the-lion-and-the-eagle-2024-5oz-silver-proof-coin-obv.webp	0	0.0000	0	0.0000
the-lion-and-the-eagle-2024-5oz-silver-proof-coin-rev.webp	0	0.0000	0	0.0000
the-lion-and-the-eagle-2024-uk-1-10oz-silver-proof-coin-obv.webp	1	0.9999	592211	0.4113
the-lion-and-the-eagle-2024-uk-1-10oz-silver-proof-coin-rev.webp	1	1.0000	578223	0.4015
the-lion-and-the-eagle-2024-uk-1-4oz-silver-proof-coin-obv.webp	1	0.9998	565596	0.3928
the-lion-and-the-eagle-2024-uk-1-4oz-silver-proof-coin-rev.webp	1	1.0000	559620	0.3886
the-lion-and-the-eagle-2024-uk-1oz-silver-proof-coin-03060cf0-obv.webp	1	1.0000	559609	0.3886
the-lion-and-the-eagle-2024-uk-1oz-silver-proof-coin-03060cf0-rev.webp	1	1.0000	547976	0.3805
the-lion-and-the-eagle-2024-uk-1oz-silver-proof-coin-obv.webp	1	1.0000	530250	0.3682
the-lion-and-the-eagle-2024-uk-1oz-silver-proof-coin-rev.webp	1	1.0000	530250	0.3682
the-lion-and-the-eagle-2024-uk-2oz-silver-proof-coin-obv.webp	1	1.0000	585972	0.4069
the-lion-and-the-eagle-2024-uk-2oz-silver-proof-coin-rev.webp	1	1.0000	585972	0.4069
the-lion-and-the-eagle-2024-uk-5oz-silver-proof-coin-obv.webp	1	1.0000	571668	0.3970
the-lion-and-the-eagle-2024-uk-5oz-silver-proof-coin-rev.webp	1	1.0000	571668	0.3970
the-lion-and-the-eagle-2026-1-2oz-silver-bullion-coin-obv.webp	0	0.0000	0	0.0000
the-lion-and-the-eagle-2026-1-2oz-silver-bullion-coin-rev.webp	0	0.0000	0	0.0000
the-lion-and-the-eagle-2026-1oz-silver-bullion-coin-obv.webp	0	0.0000	0	0.0000
the-lion-and-the-eagle-2026-1oz-silver-bullion-coin-rev.webp	0	0.0000	0	0.0000
the-lion-and-the-eagle-2026-1oz-silver-proof-coin-obv.webp	0	0.0000	0	0.0000
the-lion-and-the-eagle-2026-1oz-silver-proof-coin-rev.webp	0	0.0000	0	0.0000
the-lion-and-the-eagle-2026-2oz-silver-proof-coin-obv.webp	0	0.0000	0	0.0000
the-lion-and-the-eagle-2026-2oz-silver-proof-coin-rev.webp	0	0.0000	0	0.0000
the-lion-and-the-eagle-2026-5oz-silver-proof-coin-obv.webp	0	0.0000	0	0.0000
the-lion-and-the-eagle-2026-5oz-silver-proof-coin-rev.webp	0	0.0000	0	0.0000
the-merlen-shield-silver-two-coin-set-cert.webp	0	0.0000	0	0.0000
the-merlen-shield-silver-two-coin-set-obv.webp	0	0.0000	0	0.0000
the-merlen-shield-silver-two-coin-set-rev.webp	0	0.0000	0	0.0000
the-penny-drops-2026-silver-proof-coin-box.webp	0	0.0000	0	0.0000
the-penny-drops-2026-silver-proof-coin-cert.webp	0	0.0000	0	0.0000
the-penny-drops-2026-silver-proof-coin-obv.webp	0	0.0000	0	0.0000
the-penny-drops-2026-silver-proof-coin-rev.webp	0	0.0000	0	0.0000
the-police-2023-uk-2oz-silver-proof-coin-blister-obv.webp	0	0.0000	0	0.0000
the-police-2023-uk-2oz-silver-proof-coin-blister-rev.webp	0	0.0000	0	0.0000
the-police-2023-uk-2oz-silver-proof-coin-obv.webp	1	1.0000	530433	0.3684
the-police-2023-uk-2oz-silver-proof-coin-rev.webp	1	1.0000	530555	0.3684
the-queens-panther-2025-10oz-silver-proof-coin-box.webp	0	0.0000	0	0.0000
the-queens-panther-2025-10oz-silver-proof-coin-obv.webp	0	0.0000	0	0.0000
the-queens-panther-2025-10oz-silver-proof-coin-rev.webp	0	0.0000	0	0.0000
the-queens-panther-2025-1oz-silver-proof-coin-box.webp	0	0.0000	0	0.0000
the-queens-panther-2025-1oz-silver-proof-coin-obv.webp	0	0.0000	0	0.0000
the-queens-panther-2025-1oz-silver-proof-coin-rev.webp	0	0.0000	0	0.0000
the-queens-panther-2025-2oz-silver-proof-coin-box.webp	0	0.0000	0	0.0000
the-queens-panther-2025-2oz-silver-proof-coin-obv.webp	0	0.0000	0	0.0000
the-queens-panther-2025-2oz-silver-proof-coin-rev.webp	0	0.0000	0	0.0000
the-queens-panther-2025-5oz-silver-proof-coin-box.webp	0	0.0000	0	0.0000
the-queens-panther-2025-5oz-silver-proof-coin-obv.webp	0	0.0000	0	0.0000
the-queens-panther-2025-5oz-silver-proof-coin-rev.webp	0	0.0000	0	0.0000
the-queens-panther-2025-silver-proof-two-coin-set-obv.webp	0	0.0000	0	0.0000
the-queens-panther-2025-silver-proof-two-coin-set-rev.webp	0	0.0000	0	0.0000
the-red-arrows-collector-coin-set-box.webp	0	0.0000	0	0.0000
the-red-arrows-collector-coin-set-obv.webp	0	0.0000	0	0.0000
the-red-arrows-collector-coin-set-rev.webp	0	0.0000	0	0.0000
the-royal-arms-2024-1oz-silver-bullion-coin-73f522dc-obv.webp	1	1.0000	513469	0.3566
the-royal-arms-2024-1oz-silver-bullion-coin-73f522dc-rev.webp	1	1.0000	531250	0.3689
the-royal-tudor-beasts-2023-yale-of-beaufort-10oz-silver-bullion-coin-blister-rev.webp	0	0.0000	0	0.0000
the-royal-tudor-beasts-2023-yale-of-beaufort-10oz-silver-bullion-coin-obv.webp	0	0.0000	0	0.0000
the-royal-tudor-beasts-2023-yale-of-beaufort-10oz-silver-bullion-coin-rev.webp	0	0.0000	0	0.0000
the-royal-tudor-beasts-2026-queens-lion-10oz-silver-bullion-coin-blister-obv.webp	0	0.0000	0	0.0000
the-royal-tudor-beasts-2026-queens-lion-10oz-silver-bullion-coin-blister-rev.webp	0	0.0000	0	0.0000
the-royal-tudor-beasts-2026-queens-lion-10oz-silver-bullion-coin-obv.webp	0	0.0000	0	0.0000
the-royal-tudor-beasts-2026-queens-lion-10oz-silver-bullion-coin-rev.webp	0	0.0000	0	0.0000
the-royal-tudor-beasts-2026-queens-lion-2oz-silver-bullion-coin-blister-obv.webp	0	0.0000	0	0.0000
the-royal-tudor-beasts-2026-queens-lion-2oz-silver-bullion-coin-blister-rev.webp	0	0.0000	0	0.0000
the-royal-tudor-beasts-2026-queens-lion-2oz-silver-bullion-coin-obv.webp	0	0.0000	0	0.0000
the-royal-tudor-beasts-2026-queens-lion-2oz-silver-bullion-coin-rev.webp	0	0.0000	0	0.0000
the-royal-tudor-beasts-the-queens-lion-2026-1oz-silver-proof-coin-blister-rev.webp	0	0.0000	0	0.0000
the-royal-tudor-beasts-the-seymour-unicorn-2024-10oz-silver-proof-coin-box.webp	0	0.0000	0	0.0000
the-royal-tudor-beasts-the-seymour-unicorn-2024-10oz-silver-proof-coin-obv.webp	0	0.0000	0	0.0000
the-royal-tudor-beasts-the-seymour-unicorn-2024-10oz-silver-proof-coin-rev.webp	0	0.0000	0	0.0000
the-royal-tudor-beasts-the-seymour-unicorn-2024-5oz-silver-proof-coin-obv.webp	0	0.0000	0	0.0000
the-royal-tudor-beasts-the-seymour-unicorn-2024-5oz-silver-proof-coin-rev.webp	0	0.0000	0	0.0000
the-royal-tudor-beasts-the-seymour-unicorn-2024-silver-proof-two-coin-set-box.webp	0	0.0000	0	0.0000
the-royal-tudor-beasts-the-seymour-unicorn-2024-silver-proof-two-coin-set-obv.webp	0	0.0000	0	0.0000
the-royal-tudor-beasts-the-seymour-unicorn-2024-silver-proof-two-coin-set-rev.webp	0	0.0000	0	0.0000
the-silver-sovereign-2026-silver-proof-coin-obv.webp	0	0.0000	0	0.0000
the-silver-sovereign-2026-silver-proof-coin-rev.webp	0	0.0000	0	0.0000
the-snowman-2025-50p-silver-proof-colour-coin-box.webp	0	0.0000	0	0.0000
the-snowman-2025-50p-silver-proof-colour-coin-obv.webp	0	0.0000	0	0.0000
the-snowman-2025-50p-silver-proof-colour-coin-rev.webp	0	0.0000	0	0.0000
the-sovereign-2026-gold-bullion-coin-in-blister-blister-obv.webp	0	0.0000	0	0.0000
the-sovereign-2026-gold-bullion-coin-in-blister-blister-rev.webp	0	0.0000	0	0.0000
the-sovereign-2026-gold-bullion-coin-in-blister-obv.webp	0	0.0000	0	0.0000
the-sovereign-2026-gold-bullion-coin-in-blister-rev.webp	0	0.0000	0	0.0000
the-spice-girl-2026-uk-1oz-silver-proof-colour-coin-obv.webp	0	0.0000	0	0.0000
the-spice-girl-2026-uk-1oz-silver-proof-colour-coin-rev.webp	0	0.0000	0	0.0000
the-spice-girls-2026-uk-2oz-silver-proof-coin-obv.webp	0	0.0000	0	0.0000
the-spice-girls-2026-uk-2oz-silver-proof-coin-rev.webp	0	0.0000	0	0.0000
the-spice-girls-2026-uk-5oz-silver-proof-coin-obv.webp	0	0.0000	0	0.0000
the-spice-girls-2026-uk-5oz-silver-proof-coin-rev.webp	0	0.0000	0	0.0000
the-waterloo-medal-allied-leaders-2024-uk-2oz-silver-proof-coin-matt-obv.webp	1	1.0000	626999	0.4354
the-waterloo-medal-allied-leaders-2024-uk-2oz-silver-proof-coin-matt-rev.webp	1	1.0000	662358	0.4600
the-waterloo-medal-allied-leaders-2024-uk-2oz-silver-proof-coin-obv.webp	1	1.0000	676472	0.4698
the-waterloo-medal-allied-leaders-2024-uk-2oz-silver-proof-coin-rev.webp	1	1.0000	666778	0.4630
the-waterloo-medal-allied-leaders-2024-uk-5oz-silver-proof-coin-obv.webp	1	1.0000	567303	0.3940
the-waterloo-medal-allied-leaders-2024-uk-5oz-silver-proof-coin-rev.webp	1	1.0000	587418	0.4079
the-waterloo-medal-victory-2025-2oz-silver-proof-coin-box.webp	0	0.0000	0	0.0000
the-waterloo-medal-victory-2025-2oz-silver-proof-coin-obv.webp	0	0.0000	0	0.0000
the-waterloo-medal-victory-2025-2oz-silver-proof-coin-rev.webp	0	0.0000	0	0.0000
the-waterloo-medal-victory-2025-5oz-silver-proof-coin-box.webp	0	0.0000	0	0.0000
the-waterloo-medal-victory-2025-5oz-silver-proof-coin-obv.webp	0	0.0000	0	0.0000
the-waterloo-medal-victory-2025-5oz-silver-proof-coin-rev.webp	0	0.0000	0	0.0000
tp25px110-britannia-2024-uk-1-20oz-silver-proof-coin-obv.webp	1	1.0000	577048	0.4007
tp25px110-britannia-2024-uk-1-20oz-silver-proof-coin-rev.webp	1	1.0000	564244	0.3918
tp25px152-obv.webp	1	1.0000	818251	0.5682
tp25px152-rev.webp	1	1.0000	875863	0.6082
uk26wc5s-obv.webp	0	0.0000	0	0.0000
uk26wc5s-rev.webp	0	0.0000	0	0.0000
william-iv-crown-2026-10oz-silver-proof-coin-obv.webp	0	0.0000	0	0.0000
william-iv-crown-2026-10oz-silver-proof-coin-rev.webp	0	0.0000	0	0.0000
william-iv-crown-2026-2oz-silver-proof-coin-obv.webp	0	0.0000	0	0.0000
william-iv-crown-2026-2oz-silver-proof-coin-rev.webp	0	0.0000	0	0.0000
zog-2025-50p-silver-proof-colour-coin-obv.webp	0	0.0000	0	0.0000
zog-2025-50p-silver-proof-colour-coin-rev.webp	0	0.0000	0	0.0000
