slug	status	source_url	image_urls_count	product_count	welcome_wall	image_obverse	image_reverse	image_box	image_certificate	image_blister_obverse	image_blister_reverse
rqp252s-the-royal-tudor-beasts-2025-queens-panther-2oz-silver-bullion-coin	ok	https://www.royalmint.com/invest/bullion/bullion-coins/silver-coins/2oz-silver-bullion-coins/rqp252s--the-royal-tudor-beasts-2025-queens-panther-2oz-silver-bullion-coin	85	6	0	/image/coins/foreign/rqp252s-the-royal-tudor-beasts-2025-queens-panther-2oz-silver-bullion-coin-obv.webp	/image/coins/foreign/rqp252s-the-royal-tudor-beasts-2025-queens-panther-2oz-silver-bullion-coin-rev.webp			/image/coins/foreign/rqp252s-the-royal-tudor-beasts-2025-queens-panther-2oz-silver-bullion-coin-blister-obv.webp	/image/coins/foreign/rqp252s-the-royal-tudor-beasts-2025-queens-panther-2oz-silver-bullion-coin-blister-rev.webp
britannia-2022-1-oz-silver-bullion-coin	only_packshot_no_sides	https://www.royalmint.com/invest/bullion/bullion-coins/silver-coins/britannia-2022-1-oz-silver-bullion-coin	82	1	0						/image/coins/foreign/britannia-2022-1-oz-silver-bullion-coin-blister-rev.webp
2025-britannia-2oz-silver-proof-coin	ok	https://www.royalmint.com/britannia/commemorative/2025-britannia-2oz-silver-proof-coin	84	5	0	/image/coins/foreign/2025-britannia-2oz-silver-proof-coin-obv.webp	/image/coins/foreign/2025-britannia-2oz-silver-proof-coin-rev.webp	/image/coins/foreign/2025-britannia-2oz-silver-proof-coin-box.webp			
harry-potter-the-patronus-2025-fifty-pence-silver-proof-colour-coin	ok	https://www.royalmint.com/shop/limited-editions/harry-potter/the-patronus/harry-potter-the-patronus-2025-fifty-pence-silver-proof-colour-coin	82	3	0	/image/coins/foreign/harry-potter-the-patronus-2025-fifty-pence-silver-proof-colour-coin-obv.webp	/image/coins/foreign/harry-potter-the-patronus-2025-fifty-pence-silver-proof-colour-coin-rev.webp	/image/coins/foreign/harry-potter-the-patronus-2025-fifty-pence-silver-proof-colour-coin-box.webp			
krugerrand-2024-1oz-silver-bullion-coin	ok	https://www.royalmint.com/invest/bullion/uk-coin-ranges/world-coins/krugerrand-2024-1oz-silver-bullion-coin	81	2	0	/image/coins/foreign/krugerrand-2024-1oz-silver-bullion-coin-obv.webp	/image/coins/foreign/krugerrand-2024-1oz-silver-bullion-coin-rev.webp				
the-80th-anniversary-of-ve-day-collector-two-coin-set	ok	https://www.royalmint.com/shop/limited-editions/ve-day/The-80th-Anniversary-of-VE-Day-Collector-Two-Coin-Set	85	3	0	/image/coins/foreign/the-80th-anniversary-of-ve-day-collector-two-coin-set-obv.webp	/image/coins/foreign/the-80th-anniversary-of-ve-day-collector-two-coin-set-rev.webp	/image/coins/foreign/the-80th-anniversary-of-ve-day-collector-two-coin-set-box.webp			
the-british-lion-and-american-eagle-2024-1oz-silver-bullion-coin	ok	https://www.royalmint.com/invest/bullion/bullion-coins/silver-coins/the-british-lion-and-american-eagle-2024-1oz-silver-bullion-coin	85	6	0	/image/coins/foreign/the-british-lion-and-american-eagle-2024-1oz-silver-bullion-coin-obv.webp	/image/coins/foreign/the-british-lion-and-american-eagle-2024-1oz-silver-bullion-coin-rev.webp			/image/coins/foreign/the-british-lion-and-american-eagle-2024-1oz-silver-bullion-coin-blister-obv.webp	/image/coins/foreign/the-british-lion-and-american-eagle-2024-1oz-silver-bullion-coin-blister-rev.webp
the-greyhound-of-richmond-2025-1oz-silver-proof-coin	ok	https://www.royalmint.com/the-royal-tudor-beasts/greyhound-of-richmond/the-greyhound-of-richmond-2025-1oz-silver-proof-coin	84	5	0	/image/coins/foreign/the-greyhound-of-richmond-2025-1oz-silver-proof-coin-obv.webp	/image/coins/foreign/the-greyhound-of-richmond-2025-1oz-silver-proof-coin-rev.webp	/image/coins/foreign/the-greyhound-of-richmond-2025-1oz-silver-proof-coin-box.webp			
2025-britannia-1oz-silver-proof-coin	ok	https://www.royalmint.com/britannia/commemorative/2025-britannia-1oz-silver-proof-coin	84	5	0	/image/coins/foreign/2025-britannia-1oz-silver-proof-coin-obv.webp	/image/coins/foreign/2025-britannia-1oz-silver-proof-coin-rev.webp	/image/coins/foreign/2025-britannia-1oz-silver-proof-coin-box.webp			
john-lennon-2025-1kg-silver-proof-coin	ok	https://www.royalmint.com/shop/limited-editions/music-legends/john-lennon/john-lennon-2025-1kg-silver-proof-coin	84	5	0	/image/coins/foreign/john-lennon-2025-1kg-silver-proof-coin-obv.webp	/image/coins/foreign/john-lennon-2025-1kg-silver-proof-coin-rev.webp	/image/coins/foreign/john-lennon-2025-1kg-silver-proof-coin-box.webp			
canadian-maple-leaf-2024-1oz-silver-bullion-coin	ok	https://www.royalmint.com/invest/bullion/uk-coin-ranges/world-coins/canadian-maple-leaf-2024-1oz-silver-bullion-coin	81	2	0	/image/coins/foreign/canadian-maple-leaf-2024-1oz-silver-bullion-coin-obv.webp	/image/coins/foreign/canadian-maple-leaf-2024-1oz-silver-bullion-coin-rev.webp				
the-flying-car-2025-50p-coloured-silver-proof-colour-coin	ok	https://www.royalmint.com/shop/limited-editions/harry-potter/harry-potter-the-flying-car/the-flying-car-2025-50p-coloured-silver-proof-colour-coin	84	5	0	/image/coins/foreign/the-flying-car-2025-50p-coloured-silver-proof-colour-coin-obv.webp	/image/coins/foreign/the-flying-car-2025-50p-coloured-silver-proof-colour-coin-rev.webp	/image/coins/foreign/the-flying-car-2025-50p-coloured-silver-proof-colour-coin-box.webp			
2025-britannia-six-coin-silver-proof-set	ok	https://www.royalmint.com/britannia/commemorative/2025-britannia-six-coin-silver-proof-set	94	14	0	/image/coins/foreign/2025-britannia-six-coin-silver-proof-set-obv.webp	/image/coins/foreign/2025-britannia-six-coin-silver-proof-set-rev.webp				
2025-silver-sixpence	ok	https://www.royalmint.com/gifts/sixpence/2025-silver-sixpence	83	4	0	/image/coins/foreign/2025-silver-sixpence-obv.webp	/image/coins/foreign/2025-silver-sixpence-rev.webp				
200-years-of-the-modern-railway-2025-silver-proof-piedfort-coin	ok	https://www.royalmint.com/shop/limited-editions/200-years-of-the-modern-railway/200-years-of-the-modern-railway-2025-silver-proof-piedfort-coin	83	4	0	/image/coins/foreign/200-years-of-the-modern-railway-2025-silver-proof-piedfort-coin-obv.webp	/image/coins/foreign/200-years-of-the-modern-railway-2025-silver-proof-piedfort-coin-rev.webp		/image/coins/foreign/200-years-of-the-modern-railway-2025-silver-proof-piedfort-coin-cert.webp		
lunar-year-of-the-snake-2025-1oz-silver-proof-coin	ok	https://www.royalmint.com/lunar/year-of-the-snake/lunar-year-of-the-snake-2025-1oz-silver-proof-coin	84	5	0	/image/coins/foreign/lunar-year-of-the-snake-2025-1oz-silver-proof-coin-obv.webp	/image/coins/foreign/lunar-year-of-the-snake-2025-1oz-silver-proof-coin-rev.webp				
lunar-year-of-the-snake-2025-5oz-silver-proof-coin	ok	https://www.royalmint.com/lunar/year-of-the-snake/lunar-year-of-the-snake-2025-5oz-silver-proof-coin	84	5	0	/image/coins/foreign/lunar-year-of-the-snake-2025-5oz-silver-proof-coin-obv.webp	/image/coins/foreign/lunar-year-of-the-snake-2025-5oz-silver-proof-coin-rev.webp				
the-80th-anniversary-of-ve-day-2025-50p-silver-proof-coin	ok	https://www.royalmint.com/shop/limited-editions/ve-day/the-80th-anniversary-of-ve-day-2025-50p-silver-proof-coin	83	4	0	/image/coins/foreign/the-80th-anniversary-of-ve-day-2025-50p-silver-proof-coin-obv.webp	/image/coins/foreign/the-80th-anniversary-of-ve-day-2025-50p-silver-proof-coin-rev.webp		/image/coins/foreign/the-80th-anniversary-of-ve-day-2025-50p-silver-proof-coin-cert.webp		
stories-of-the-second-world-war-2025-50p-silver-proof-coin	ok	https://www.royalmint.com/shop/limited-editions/stories-of-the-second-world-war/stories-of-the-second-world-war-2025-50p-silver-proof-coin	84	5	0	/image/coins/foreign/stories-of-the-second-world-war-2025-50p-silver-proof-coin-obv.webp	/image/coins/foreign/stories-of-the-second-world-war-2025-50p-silver-proof-coin-rev.webp	/image/coins/foreign/stories-of-the-second-world-war-2025-50p-silver-proof-coin-box.webp			
2025-britannia-5oz-silver-proof-coin	ok	https://www.royalmint.com/britannia/commemorative/2025-britannia-5oz-silver-proof-coin	84	5	0	/image/coins/foreign/2025-britannia-5oz-silver-proof-coin-obv.webp	/image/coins/foreign/2025-britannia-5oz-silver-proof-coin-rev.webp	/image/coins/foreign/2025-britannia-5oz-silver-proof-coin-box.webp			
150-years-of-liberty-2025-silver-proof-colour-coin	ok	https://www.royalmint.com/shop/limited-editions/150-years-of-liberty/150-years-of-liberty-2025-silver-proof-colour-coin	83	4	0	/image/coins/foreign/150-years-of-liberty-2025-silver-proof-colour-coin-obv.webp	/image/coins/foreign/150-years-of-liberty-2025-silver-proof-colour-coin-rev.webp				
2025-baby-silver-penny	ok	https://www.royalmint.com/gifts/2025-baby-silver-penny	83	4	0	/image/coins/foreign/2025-baby-silver-penny-obv.webp	/image/coins/foreign/2025-baby-silver-penny-rev.webp				
iron-maiden-2025-2oz-silver-proof-coin	ok	https://www.royalmint.com/shop/limited-editions/music-legends/iron-maiden/iron-maiden-2025-2oz-silver-proof-coin	83	4	0	/image/coins/foreign/iron-maiden-2025-2oz-silver-proof-coin-obv.webp	/image/coins/foreign/iron-maiden-2025-2oz-silver-proof-coin-rev.webp				
200-years-of-the-modern-railway-2025-silver-proof-coin	ok	https://www.royalmint.com/shop/limited-editions/200-years-of-the-modern-railway/200-years-of-the-modern-railway-2025-silver-proof-coin	83	4	0	/image/coins/foreign/200-years-of-the-modern-railway-2025-silver-proof-coin-obv.webp	/image/coins/foreign/200-years-of-the-modern-railway-2025-silver-proof-coin-rev.webp		/image/coins/foreign/200-years-of-the-modern-railway-2025-silver-proof-coin-cert.webp		
merlin-2025-10oz-bullion-coin	ok	https://www.royalmint.com/invest/bullion/bullion-coins/silver-coins/merlin-2025-10oz-bullion-coin	83	4	0	/image/coins/foreign/merlin-2025-10oz-bullion-coin-obv.webp	/image/coins/foreign/merlin-2025-10oz-bullion-coin-rev.webp			/image/coins/foreign/merlin-2025-10oz-bullion-coin-blister-obv.webp	/image/coins/foreign/merlin-2025-10oz-bullion-coin-blister-rev.webp
2024-silver-sixpence	ok	https://www.royalmint.com/gifts/sixpence/2024-silver-sixpence	83	4	0	/image/coins/foreign/2024-silver-sixpence-obv.webp	/image/coins/foreign/2024-silver-sixpence-rev.webp				
george-orwell-2025-2-pound-silver-proof-coin	ok	https://www.royalmint.com/shop/limited-editions/george-orwell/george-orwell-2025-2-pound-silver-proof-coin	85	5	0	/image/coins/foreign/george-orwell-2025-2-pound-silver-proof-coin-obv.webp	/image/coins/foreign/george-orwell-2025-2-pound-silver-proof-coin-rev.webp				
the-queens-panther-2025-10oz-silver-proof-coin	ok	https://www.royalmint.com/the-royal-tudor-beasts/the-queens-panther/the-queens-panther-2025-10oz-silver-proof-coin	84	5	0	/image/coins/foreign/the-queens-panther-2025-10oz-silver-proof-coin-obv.webp	/image/coins/foreign/the-queens-panther-2025-10oz-silver-proof-coin-rev.webp	/image/coins/foreign/the-queens-panther-2025-10oz-silver-proof-coin-box.webp			
the-queens-panther-2025-1oz-silver-proof-coin	ok	https://www.royalmint.com/the-royal-tudor-beasts/the-queens-panther/the-queens-panther-2025-1oz-silver-proof-coin	84	5	0	/image/coins/foreign/the-queens-panther-2025-1oz-silver-proof-coin-obv.webp	/image/coins/foreign/the-queens-panther-2025-1oz-silver-proof-coin-rev.webp	/image/coins/foreign/the-queens-panther-2025-1oz-silver-proof-coin-box.webp			
red-arrows-2025-50p-silver-proof-colour-coin	ok	https://www.royalmint.com/shop/limited-editions/red-arrows/red-arrows-2025-50p-silver-proof-colour-coin	84	5	0	/image/coins/foreign/red-arrows-2025-50p-silver-proof-colour-coin-obv.webp	/image/coins/foreign/red-arrows-2025-50p-silver-proof-colour-coin-rev.webp				
hms-belfast-2025-uk-2-pound-silver-proof-coin	ok	https://www.royalmint.com/shop/limited-editions/hms-belfast/hms-belfast-2025-uk-2-pound-silver-proof-coin	85	5	0	/image/coins/foreign/hms-belfast-2025-uk-2-pound-silver-proof-coin-obv.webp	/image/coins/foreign/hms-belfast-2025-uk-2-pound-silver-proof-coin-rev.webp				
stories-of-the-second-world-war-2025-50p-silver-piedfort-proof-coin	ok	https://www.royalmint.com/shop/limited-editions/stories-of-the-second-world-war/stories-of-the-second-world-war-2025-50p-silver-piedfort-proof-coin	84	5	0	/image/coins/foreign/stories-of-the-second-world-war-2025-50p-silver-piedfort-proof-coin-obv.webp	/image/coins/foreign/stories-of-the-second-world-war-2025-50p-silver-piedfort-proof-coin-rev.webp	/image/coins/foreign/stories-of-the-second-world-war-2025-50p-silver-piedfort-proof-coin-box.webp			
the-queens-panther-2025-2oz-silver-proof-coin	ok	https://www.royalmint.com/the-royal-tudor-beasts/the-queens-panther/the-queens-panther-2025-2oz-silver-proof-coin	84	5	0	/image/coins/foreign/the-queens-panther-2025-2oz-silver-proof-coin-obv.webp	/image/coins/foreign/the-queens-panther-2025-2oz-silver-proof-coin-rev.webp	/image/coins/foreign/the-queens-panther-2025-2oz-silver-proof-coin-box.webp			
2024-wedding-silver-sixpence	ok	https://www.royalmint.com/gifts/sixpence/2024-wedding-silver-sixpence	84	4	0	/image/coins/foreign/2024-wedding-silver-sixpence-obv.webp	/image/coins/foreign/2024-wedding-silver-sixpence-rev.webp				
2024-baby-silver-penny	ok	https://www.royalmint.com/gifts/2024-baby-silver-penny	83	4	0	/image/coins/foreign/2024-baby-silver-penny-obv.webp	/image/coins/foreign/2024-baby-silver-penny-rev.webp				
bb26s1c-britannia-2026-1oz-silver-bullion-coin	ok	https://www.royalmint.com/invest/bullion/bullion-coins/silver-coins/bb26s1c-britannia-2026-1oz-silver-bullion-coin	84	4	0	/image/coins/foreign/bb26s1c-britannia-2026-1oz-silver-bullion-coin-obv.webp	/image/coins/foreign/bb26s1c-britannia-2026-1oz-silver-bullion-coin-rev.webp				
red-arrows-2025-50p-silver-proof-piedfort-colour-coin	ok	https://www.royalmint.com/shop/limited-editions/red-arrows/red-arrows-2025-50p-silver-proof-piedfort-colour-coin	84	5	0	/image/coins/foreign/red-arrows-2025-50p-silver-proof-piedfort-colour-coin-obv.webp	/image/coins/foreign/red-arrows-2025-50p-silver-proof-piedfort-colour-coin-rev.webp	/image/coins/foreign/red-arrows-2025-50p-silver-proof-piedfort-colour-coin-box.webp			
the-waterloo-medal-victory-2025-2oz-silver-proof-coin	ok	https://www.royalmint.com/great-engravers/waterloo-medal/the-waterloo-medal-victory-2025-2oz-silver-proof-coin	84	5	0	/image/coins/foreign/the-waterloo-medal-victory-2025-2oz-silver-proof-coin-obv.webp	/image/coins/foreign/the-waterloo-medal-victory-2025-2oz-silver-proof-coin-rev.webp	/image/coins/foreign/the-waterloo-medal-victory-2025-2oz-silver-proof-coin-box.webp			
the-queens-panther-2025-silver-proof-two-coin-set	ok	https://www.royalmint.com/the-royal-tudor-beasts/the-queens-panther/the-queens-panther-2025-silver-proof-two-coin-set	85	5	0	/image/coins/foreign/the-queens-panther-2025-silver-proof-two-coin-set-obv.webp	/image/coins/foreign/the-queens-panther-2025-silver-proof-two-coin-set-rev.webp				
the-75th-birthday-of-hrh-the-princess-royal-2025-5-pound-silver-proof-coin	ok	https://www.royalmint.com/shop/limited-editions/the-princess-royal/the-75th-birthday-of-hrh-the-princess-royal-2025-5-pound-silver-proof-coin	82	3	0	/image/coins/foreign/the-75th-birthday-of-hrh-the-princess-royal-2025-5-pound-silver-proof-coin-obv.webp	/image/coins/foreign/the-75th-birthday-of-hrh-the-princess-royal-2025-5-pound-silver-proof-coin-rev.webp		/image/coins/foreign/the-75th-birthday-of-hrh-the-princess-royal-2025-5-pound-silver-proof-coin-cert.webp		
zog-2025-50p-silver-proof-colour-coin	ok	https://www.royalmint.com/shop/limited-editions/zog/zog-2025-50p-silver-proof-colour-coin	83	4	0	/image/coins/foreign/zog-2025-50p-silver-proof-colour-coin-obv.webp	/image/coins/foreign/zog-2025-50p-silver-proof-colour-coin-rev.webp				
legendary-creatures-loch-ness-monster-2026-uk-1oz-silver-bullion-coin	ok	https://www.royalmint.com/invest/bullion/bullion-coins/silver-coins/legendary-creatures-loch-ness-monster-2026-uk-1oz-silver-bullion-coin	85	2	0	/image/coins/foreign/legendary-creatures-loch-ness-monster-2026-uk-1oz-silver-bullion-coin-obv.webp	/image/coins/foreign/legendary-creatures-loch-ness-monster-2026-uk-1oz-silver-bullion-coin-rev.webp				
the-lion-and-the-eagle-2026-1oz-silver-bullion-coin	ok	https://www.royalmint.com/shop/limited-editions/the-lion-and-eagle/bullion-range/the-lion-and-the-eagle-2026-1oz-silver-bullion-coin	85	2	0	/image/coins/foreign/the-lion-and-the-eagle-2026-1oz-silver-bullion-coin-obv.webp	/image/coins/foreign/the-lion-and-the-eagle-2026-1oz-silver-bullion-coin-rev.webp				
the-waterloo-medal-victory-2025-5oz-silver-proof-coin	ok	https://www.royalmint.com/great-engravers/waterloo-medal/the-waterloo-medal-victory-2025-5oz-silver-proof-coin	84	4	0	/image/coins/foreign/the-waterloo-medal-victory-2025-5oz-silver-proof-coin-obv.webp	/image/coins/foreign/the-waterloo-medal-victory-2025-5oz-silver-proof-coin-rev.webp	/image/coins/foreign/the-waterloo-medal-victory-2025-5oz-silver-proof-coin-box.webp			
the-silver-sovereign-2026-silver-proof-coin	ok	https://www.royalmint.com/sovereign/all/the-silver-sovereign-2026-silver-proof-coin	84	2	0	/image/coins/foreign/the-silver-sovereign-2026-silver-proof-coin-obv.webp	/image/coins/foreign/the-silver-sovereign-2026-silver-proof-coin-rev.webp				
concorde-2026-50p-silver-proof-coin	only_packshot_no_sides	https://www.royalmint.com/shop/limited-editions/concorde/concorde-2026-50p-silver-proof-coin	9	1	0				/image/coins/foreign/concorde-2026-50p-silver-proof-coin-cert.webp		
100-years-of-winnie-the-pooh-2026-50p-silver-proof-colour-three-coin-collection	missing_both_sides	https://www.royalmint.com/shop/limited-editions/winnie-the-pooh/collection/100-years-of-winnie-the-pooh-2026-50p-silver-proof-colour-three-coin-collection	81	1	0						
100-years-of-winnie-the-pooh-kindness-2026-50p-silver-proof-colour-coin	ok	https://www.royalmint.com/shop/limited-editions/winnie-the-pooh/kindness/100-years-of-winnie-the-pooh-kindness-2026-50p-silver-proof-colour-coin	83	2	0	/image/coins/foreign/100-years-of-winnie-the-pooh-kindness-2026-50p-silver-proof-colour-coin-obv.webp	/image/coins/foreign/100-years-of-winnie-the-pooh-kindness-2026-50p-silver-proof-colour-coin-rev.webp				
2026-silver-sixpence	ok	https://www.royalmint.com/gifts/sixpence/2026-silver-sixpence	83	4	0	/image/coins/foreign/2026-silver-sixpence-obv.webp	/image/coins/foreign/2026-silver-sixpence-rev.webp				
count-dracula-2025-1oz-silver-bullion-coin	ok	https://www.royalmint.com/invest/bullion/bullion-coins/silver-coins/count-dracula-2025-1oz-silver-bullion-coin	85	6	0	/image/coins/foreign/count-dracula-2025-1oz-silver-bullion-coin-obv.webp	/image/coins/foreign/count-dracula-2025-1oz-silver-bullion-coin-rev.webp			/image/coins/foreign/count-dracula-2025-1oz-silver-bullion-coin-blister-obv.webp	
lunar-year-of-the-horse-1oz-silver-proof-coin	ok	https://www.royalmint.com/lunar/year-of-the-horse/lunar-year-of-the-horse-1oz-silver-proof-coin	83	2	0	/image/coins/foreign/lunar-year-of-the-horse-1oz-silver-proof-coin-obv.webp	/image/coins/foreign/lunar-year-of-the-horse-1oz-silver-proof-coin-rev.webp				
50th-anniversary-of-the-first-flight-of-concorde-silver-set	ok	https://www.royalmint.com/shop/limited-editions/concorde/50th-anniversary-of-the-first-flight-of-concorde-silver-set	84	2	0	/image/coins/foreign/50th-anniversary-of-the-first-flight-of-concorde-silver-set-obv.webp	/image/coins/foreign/50th-anniversary-of-the-first-flight-of-concorde-silver-set-rev.webp				
the-penny-drops-2026-silver-proof-coin	ok	https://www.royalmint.com/shop/limited-editions/the-great-british-treasure-hunt/the-penny-drops-2026-silver-proof-coin	88	6	0	/image/coins/foreign/the-penny-drops-2026-silver-proof-coin-obv.webp	/image/coins/foreign/the-penny-drops-2026-silver-proof-coin-rev.webp	/image/coins/foreign/the-penny-drops-2026-silver-proof-coin-box.webp	/image/coins/foreign/the-penny-drops-2026-silver-proof-coin-cert.webp		
the-royal-tudor-beasts-2026-queens-lion-2oz-silver-bullion-coin	ok	https://www.royalmint.com/invest/bullion/bullion-coins/silver-coins/the-royal-tudor-beasts-2026-queens-lion-2oz-silver-bullion-coin	85	6	0	/image/coins/foreign/the-royal-tudor-beasts-2026-queens-lion-2oz-silver-bullion-coin-obv.webp	/image/coins/foreign/the-royal-tudor-beasts-2026-queens-lion-2oz-silver-bullion-coin-rev.webp			/image/coins/foreign/the-royal-tudor-beasts-2026-queens-lion-2oz-silver-bullion-coin-blister-obv.webp	/image/coins/foreign/the-royal-tudor-beasts-2026-queens-lion-2oz-silver-bullion-coin-blister-rev.webp
australian-kangaroo-2024-1oz-silver-bullion-coin	ok	https://www.royalmint.com/invest/bullion/uk-coin-ranges/world-coins/australian-kangaroo-2024-1oz-silver-bullion-coin	81	2	0	/image/coins/foreign/australian-kangaroo-2024-1oz-silver-bullion-coin-obv.webp	/image/coins/foreign/australian-kangaroo-2024-1oz-silver-bullion-coin-rev.webp				
2026-baby-silver-penny	ok	https://www.royalmint.com/gifts/2026-baby-silver-penny	83	4	0	/image/coins/foreign/2026-baby-silver-penny-obv.webp	/image/coins/foreign/2026-baby-silver-penny-rev.webp				
350-years-of-the-royal-observatory-greenwich-2025-silver-proof-coin	ok	https://www.royalmint.com/shop/limited-editions/the-royal-observatory/350-years-of-the-royal-observatory-greenwich-2025-silver-proof-coin	83	4	0	/image/coins/foreign/350-years-of-the-royal-observatory-greenwich-2025-silver-proof-coin-obv.webp	/image/coins/foreign/350-years-of-the-royal-observatory-greenwich-2025-silver-proof-coin-rev.webp		/image/coins/foreign/350-years-of-the-royal-observatory-greenwich-2025-silver-proof-coin-cert.webp		
the-angel-2026-1oz-silver-proof-coin	ok	https://www.royalmint.com/shop/limited-editions/the-angel/the-angel-2026-1oz-silver-proof-coin	83	2	0	/image/coins/foreign/the-angel-2026-1oz-silver-proof-coin-obv.webp	/image/coins/foreign/the-angel-2026-1oz-silver-proof-coin-rev.webp				
the-80th-anniversary-of-ve-day-2025-50p-silver-proof-piedfort-coin	ok	https://www.royalmint.com/shop/limited-editions/ve-day/the-80th-anniversary-of-ve-day-2025-50p-silver-proof-piedfort-coin	83	4	0	/image/coins/foreign/the-80th-anniversary-of-ve-day-2025-50p-silver-proof-piedfort-coin-obv.webp	/image/coins/foreign/the-80th-anniversary-of-ve-day-2025-50p-silver-proof-piedfort-coin-rev.webp	/image/coins/foreign/the-80th-anniversary-of-ve-day-2025-50p-silver-proof-piedfort-coin-box.webp			
mary-poppins-2025-50p-silver-proof-colour-coin	ok	https://www.royalmint.com/shop/limited-editions/mary-poppins/mary-poppins-2025-50p-silver-proof-colour-coin	84	5	0	/image/coins/foreign/mary-poppins-2025-50p-silver-proof-colour-coin-obv.webp	/image/coins/foreign/mary-poppins-2025-50p-silver-proof-colour-coin-rev.webp				
the-royal-tudor-beasts-2026-queens-lion-10oz-silver-bullion-coin	ok	https://www.royalmint.com/invest/bullion/bullion-coins/silver-coins/the-royal-tudor-beasts-2026-queens-lion-10oz-silver-bullion-coin	85	6	0	/image/coins/foreign/the-royal-tudor-beasts-2026-queens-lion-10oz-silver-bullion-coin-obv.webp	/image/coins/foreign/the-royal-tudor-beasts-2026-queens-lion-10oz-silver-bullion-coin-rev.webp			/image/coins/foreign/the-royal-tudor-beasts-2026-queens-lion-10oz-silver-bullion-coin-blister-obv.webp	/image/coins/foreign/the-royal-tudor-beasts-2026-queens-lion-10oz-silver-bullion-coin-blister-rev.webp
star-wars-darth-vader-and-emperor-palpatine-2023-uk-5oz-silver-proof-coin	ok	https://www.royalmint.com/shop/ancient-historic/trial-of-the-pyx/Star-Wars-Darth-Vader-and-Emperor-Palpatine-2023-UK-5oz-Silver-Proof-Coin	88	4	0	/image/coins/foreign/star-wars-darth-vader-and-emperor-palpatine-2023-uk-5oz-silver-proof-coin-obv.webp	/image/coins/foreign/star-wars-darth-vader-and-emperor-palpatine-2023-uk-5oz-silver-proof-coin-rev.webp			/image/coins/foreign/star-wars-darth-vader-and-emperor-palpatine-2023-uk-5oz-silver-proof-coin-blister-obv.webp	/image/coins/foreign/star-wars-darth-vader-and-emperor-palpatine-2023-uk-5oz-silver-proof-coin-blister-rev.webp
the-lion-and-the-eagle-2026-1-2oz-silver-bullion-coin	ok	https://www.royalmint.com/shop/limited-editions/the-lion-and-eagle/bullion-range/the-lion-and-the-eagle-2026-1-2oz-silver-bullion-coin	85	2	0	/image/coins/foreign/the-lion-and-the-eagle-2026-1-2oz-silver-bullion-coin-obv.webp	/image/coins/foreign/the-lion-and-the-eagle-2026-1-2oz-silver-bullion-coin-rev.webp				
britannia-and-liberty-2024-uk-1oz-silver-bullion-coin	ok	https://www.royalmint.com/shop/ancient-historic/trial-of-the-pyx/Britannia-and-Liberty-2024-UK-1oz-Silver-Bullion-Coin	87	2	0	/image/coins/foreign/britannia-and-liberty-2024-uk-1oz-silver-bullion-coin-obv.webp	/image/coins/foreign/britannia-and-liberty-2024-uk-1oz-silver-bullion-coin-rev.webp				
75-years-of-dennis-the-menace-2026-50p-silver-proof-colour-coin	ok	https://www.royalmint.com/shop/limited-editions/dennis-the-menace/75-years-of-dennis-the-menace-2026-50p-silver-proof-colour-coin	83	2	0	/image/coins/foreign/75-years-of-dennis-the-menace-2026-50p-silver-proof-colour-coin-obv.webp	/image/coins/foreign/75-years-of-dennis-the-menace-2026-50p-silver-proof-colour-coin-rev.webp				
the-greyhound-of-richmond-2025-2oz-silver-proof-coin	ok	https://www.royalmint.com/the-royal-tudor-beasts/greyhound-of-richmond/the-greyhound-of-richmond-2025-2oz-silver-proof-coin	85	5	0	/image/coins/foreign/the-greyhound-of-richmond-2025-2oz-silver-proof-coin-obv.webp	/image/coins/foreign/the-greyhound-of-richmond-2025-2oz-silver-proof-coin-rev.webp	/image/coins/foreign/the-greyhound-of-richmond-2025-2oz-silver-proof-coin-box.webp			
the-queens-panther-2025-5oz-silver-proof-coin	ok	https://www.royalmint.com/the-royal-tudor-beasts/the-queens-panther/the-queens-panther-2025-5oz-silver-proof-coin	84	5	0	/image/coins/foreign/the-queens-panther-2025-5oz-silver-proof-coin-obv.webp	/image/coins/foreign/the-queens-panther-2025-5oz-silver-proof-coin-rev.webp	/image/coins/foreign/the-queens-panther-2025-5oz-silver-proof-coin-box.webp			
the-angel-2026-2oz-silver-proof-coin	ok	https://www.royalmint.com/shop/limited-editions/the-angel/the-angel-2026-2oz-silver-proof-coin	83	2	0	/image/coins/foreign/the-angel-2026-2oz-silver-proof-coin-obv.webp	/image/coins/foreign/the-angel-2026-2oz-silver-proof-coin-rev.webp				
the-battles-of-lexington-and-concord-2025-uk-2oz-silver-proof-coin	ok	https://www.royalmint.com/shop/limited-editions/the-battles-of-lexington-and-concord/the-battles-of-lexington-and-concord-2025-uk-2oz-silver-proof-coin	84	5	0	/image/coins/foreign/the-battles-of-lexington-and-concord-2025-uk-2oz-silver-proof-coin-obv.webp	/image/coins/foreign/the-battles-of-lexington-and-concord-2025-uk-2oz-silver-proof-coin-rev.webp	/image/coins/foreign/the-battles-of-lexington-and-concord-2025-uk-2oz-silver-proof-coin-box.webp			
britannia-2024-uk-1oz-silver-bullion-coin	ok	https://www.royalmint.com/shop/ancient-historic/trial-of-the-pyx/Britannia-2024-UK-1oz-Silver-Bullion-Coin	87	2	0	/image/coins/foreign/britannia-2024-uk-1oz-silver-bullion-coin-obv.webp	/image/coins/foreign/britannia-2024-uk-1oz-silver-bullion-coin-rev.webp				
britannia-2024-uk-1-10oz-silver-bullion-coin	ok	https://www.royalmint.com/shop/ancient-historic/trial-of-the-pyx/Britannia-2024-UK-1-10oz-Silver-Bullion-Coin	87	2	0	/image/coins/foreign/britannia-2024-uk-1-10oz-silver-bullion-coin-obv.webp	/image/coins/foreign/britannia-2024-uk-1-10oz-silver-bullion-coin-rev.webp				
the-lion-and-the-eagle-2026-1oz-silver-proof-coin	ok	https://www.royalmint.com/shop/limited-editions/the-lion-and-eagle/commemorative/the-lion-and-the-eagle-2026-1oz-silver-proof-coin	82	2	0	/image/coins/foreign/the-lion-and-the-eagle-2026-1oz-silver-proof-coin-obv.webp	/image/coins/foreign/the-lion-and-the-eagle-2026-1oz-silver-proof-coin-rev.webp				
the-battles-of-lexington-and-concord-2025-uk-1oz-silver-proof-coin	ok	https://www.royalmint.com/shop/limited-editions/the-battles-of-lexington-and-concord/the-battles-of-lexington-and-concord-2025-uk-1oz-silver-proof-coin	84	5	0	/image/coins/foreign/the-battles-of-lexington-and-concord-2025-uk-1oz-silver-proof-coin-obv.webp	/image/coins/foreign/the-battles-of-lexington-and-concord-2025-uk-1oz-silver-proof-coin-rev.webp	/image/coins/foreign/the-battles-of-lexington-and-concord-2025-uk-1oz-silver-proof-coin-box.webp			
bond-films-of-the-1990s-2024-1oz-silver-proof-coin	ok	https://www.royalmint.com/six-decades-of-007/bond-films-of-the-1990s/bond-films-of-the-1990s-2024-1oz-silver-proof-coin	90	11	0	/image/coins/foreign/bond-films-of-the-1990s-2024-1oz-silver-proof-coin-obv.webp	/image/coins/foreign/bond-films-of-the-1990s-2024-1oz-silver-proof-coin-rev.webp	/image/coins/foreign/bond-films-of-the-1990s-2024-1oz-silver-proof-coin-box.webp			
the-royal-tudor-beasts-the-queens-lion-2026-1oz-silver-proof-coin	only_packshot_no_sides	https://www.royalmint.com/the-royal-tudor-beasts/the-queens-lion/the-royal-tudor-beasts-the-queens-lion-2026-1oz-silver-proof-coin	83	1	0						/image/coins/foreign/the-royal-tudor-beasts-the-queens-lion-2026-1oz-silver-proof-coin-blister-rev.webp
200-years-of-the-modern-railway-collector-set	ok	https://www.royalmint.com/shop/limited-editions/200-years-of-the-modern-railway/200-years-of-the-modern-railway-collector-set	83	4	0	/image/coins/foreign/200-years-of-the-modern-railway-collector-set-obv.webp	/image/coins/foreign/200-years-of-the-modern-railway-collector-set-rev.webp		/image/coins/foreign/200-years-of-the-modern-railway-collector-set-cert.webp		
elizabeth-ii-the-second-effigy-2026-silver-proof-coin	ok	https://www.royalmint.com/shop/limited-editions/portraits-of-a-queen/the-second-effigy/elizabeth-ii-the-second-effigy-2026-silver-proof-coin	86	2	0	/image/coins/foreign/elizabeth-ii-the-second-effigy-2026-silver-proof-coin-obv.webp	/image/coins/foreign/elizabeth-ii-the-second-effigy-2026-silver-proof-coin-rev.webp				
the-royal-tudor-beasts-the-seymour-unicorn-2024-10oz-silver-proof-coin	ok	https://www.royalmint.com/the-royal-tudor-beasts/seymour-unicorn/the-royal-tudor-beasts-the-seymour-unicorn-2024-10oz-silver-proof-coin	84	5	0	/image/coins/foreign/the-royal-tudor-beasts-the-seymour-unicorn-2024-10oz-silver-proof-coin-obv.webp	/image/coins/foreign/the-royal-tudor-beasts-the-seymour-unicorn-2024-10oz-silver-proof-coin-rev.webp	/image/coins/foreign/the-royal-tudor-beasts-the-seymour-unicorn-2024-10oz-silver-proof-coin-box.webp			
the-legacy-of-the-napoleonic-war-four-coin-set	missing_both_sides	https://www.royalmint.com/shop/coin-sets/the-legacy-of-the-napoleonic-war-four-coin-set	90	2	0						
the-royal-tudor-beasts-the-seymour-unicorn-2024-5oz-silver-proof-coin	ok	https://www.royalmint.com/the-royal-tudor-beasts/seymour-unicorn/the-royal-tudor-beasts-the-seymour-unicorn-2024-5oz-silver-proof-coin	84	5	0	/image/coins/foreign/the-royal-tudor-beasts-the-seymour-unicorn-2024-5oz-silver-proof-coin-obv.webp	/image/coins/foreign/the-royal-tudor-beasts-the-seymour-unicorn-2024-5oz-silver-proof-coin-rev.webp				
king-charles-iii-definitives-2024-uk-50p-silver-proof-coin	missing_both_sides	https://www.royalmint.com/shop/ancient-historic/trial-of-the-pyx/archive/King-Charles-III-Definitives-2024-UK-50p-Silver-Proof-Coin	0	0	1						
the-royal-tudor-beasts-the-seymour-unicorn-2024-silver-proof-two-coin-set	ok	https://www.royalmint.com/the-royal-tudor-beasts/seymour-unicorn/the-royal-tudor-beasts-the-seymour-unicorn-2024-silver-proof-two-coin-set	87	6	0	/image/coins/foreign/the-royal-tudor-beasts-the-seymour-unicorn-2024-silver-proof-two-coin-set-obv.webp	/image/coins/foreign/the-royal-tudor-beasts-the-seymour-unicorn-2024-silver-proof-two-coin-set-rev.webp	/image/coins/foreign/the-royal-tudor-beasts-the-seymour-unicorn-2024-silver-proof-two-coin-set-box.webp			
portraits-of-a-queen-elizabeth-ii-the-third-effigy-2026-silver-proof-coin	ok	https://www.royalmint.com/shop/limited-editions/portraits-of-a-queen/the-third-effigy/portraits-of-a-queen-elizabeth-ii-the-third-effigy-2026-silver-proof-coin	86	2	0	/image/coins/foreign/portraits-of-a-queen-elizabeth-ii-the-third-effigy-2026-silver-proof-coin-obv.webp	/image/coins/foreign/portraits-of-a-queen-elizabeth-ii-the-third-effigy-2026-silver-proof-coin-rev.webp				
the-red-arrows-collector-coin-set	ok	https://www.royalmint.com/shop/limited-editions/red-arrows/The-Red-Arrows-Collector-Coin-Set	86	5	0	/image/coins/foreign/the-red-arrows-collector-coin-set-obv.webp	/image/coins/foreign/the-red-arrows-collector-coin-set-rev.webp	/image/coins/foreign/the-red-arrows-collector-coin-set-box.webp			
portraits-of-a-queen-elizabeth-ii-the-fourth-effigy-2026-silver-proof-coin	ok	https://www.royalmint.com/shop/limited-editions/portraits-of-a-queen/the-fourth-effigy/portraits-of-a-queen-elizabeth-ii-the-fourth-effigy-2026-silver-proof-coin	85	2	0	/image/coins/foreign/portraits-of-a-queen-elizabeth-ii-the-fourth-effigy-2026-silver-proof-coin-obv.webp	/image/coins/foreign/portraits-of-a-queen-elizabeth-ii-the-fourth-effigy-2026-silver-proof-coin-rev.webp				
stegosaurus-2024-50p-silver-proof-colour-coin	ok	https://www.royalmint.com/shop/limited-editions/dinosaurs-iconic-specimens/stegosaurus/stegosaurus-2024-50p-silver-proof-colour-coin	90	3	0	/image/coins/foreign/stegosaurus-2024-50p-silver-proof-colour-coin-obv.webp	/image/coins/foreign/stegosaurus-2024-50p-silver-proof-colour-coin-rev.webp	/image/coins/foreign/stegosaurus-2024-50p-silver-proof-colour-coin-box.webp			
britannia-and-liberty-2024-uk-1-4oz-silver-bullion-coin	ok	https://www.royalmint.com/shop/ancient-historic/trial-of-the-pyx/Britannia-and-Liberty-2024-UK-1-4oz-Silver-Bullion-Coin	87	2	0	/image/coins/foreign/britannia-and-liberty-2024-uk-1-4oz-silver-bullion-coin-obv.webp	/image/coins/foreign/britannia-and-liberty-2024-uk-1-4oz-silver-bullion-coin-rev.webp				
steppe-mammoth-2024-50p-silver-proof-colour-coin	ok	https://www.royalmint.com/shop/limited-editions/ice-age-giants/the-great-mammoth/steppe-mammoth-2024-50p-silver-proof-colour-coin	88	5	0	/image/coins/foreign/steppe-mammoth-2024-50p-silver-proof-colour-coin-obv.webp	/image/coins/foreign/steppe-mammoth-2024-50p-silver-proof-colour-coin-rev.webp	/image/coins/foreign/steppe-mammoth-2024-50p-silver-proof-colour-coin-box.webp			
the-lion-and-the-eagle-2026-2oz-silver-proof-coin	ok	https://www.royalmint.com/shop/limited-editions/the-lion-and-eagle/commemorative/the-lion-and-the-eagle-2026-2oz-silver-proof-coin	82	2	0	/image/coins/foreign/the-lion-and-the-eagle-2026-2oz-silver-proof-coin-obv.webp	/image/coins/foreign/the-lion-and-the-eagle-2026-2oz-silver-proof-coin-rev.webp				
william-iv-crown-2026-2oz-silver-proof-coin	ok	https://www.royalmint.com/great-engravers/the-william-iv-crown/william-iv-crown-2026-2oz-silver-proof-coin	83	2	0	/image/coins/foreign/william-iv-crown-2026-2oz-silver-proof-coin-obv.webp	/image/coins/foreign/william-iv-crown-2026-2oz-silver-proof-coin-rev.webp				
the-75th-birthday-of-hrh-the-princess-royal-collector-coin-set	ok	https://www.royalmint.com/shop/limited-editions/the-princess-royal/the-75th-birthday-of-hrh-the-princess-royal-collector-coin-set	84	2	0	/image/coins/foreign/the-75th-birthday-of-hrh-the-princess-royal-collector-coin-set-obv.webp	/image/coins/foreign/the-75th-birthday-of-hrh-the-princess-royal-collector-coin-set-rev.webp				
2023-lunar-year-of-the-rabbit-1kg-silver-proof-trial-piece	ok	https://www.royalmint.com/shop/monarch/queen-elizabeth-ii/2023-Lunar-Year-of-the-Rabbit-1kg-Silver-Proof-Trial-Piece	81	2	0	/image/coins/foreign/2023-lunar-year-of-the-rabbit-1kg-silver-proof-trial-piece-obv.webp	/image/coins/foreign/2023-lunar-year-of-the-rabbit-1kg-silver-proof-trial-piece-rev.webp				
the-waterloo-medal-allied-leaders-2024-uk-2oz-silver-proof-coin	ok	https://www.royalmint.com/shop/ancient-historic/trial-of-the-pyx/The-Waterloo-Medal-Allied-Leaders-2024-UK-2oz-Silver-Proof-Coin	87	2	0	/image/coins/foreign/the-waterloo-medal-allied-leaders-2024-uk-2oz-silver-proof-coin-obv.webp	/image/coins/foreign/the-waterloo-medal-allied-leaders-2024-uk-2oz-silver-proof-coin-rev.webp				
team-gb-and-paralympicsgb-2024-50p-silver-proof-colour-coin	ok	https://www.royalmint.com/shop/limited-editions/team-gb-2024/team-gb-and-paralympicsgb-2024-50p-silver-proof-colour-coin	84	5	0	/image/coins/foreign/team-gb-and-paralympicsgb-2024-50p-silver-proof-colour-coin-obv.webp	/image/coins/foreign/team-gb-and-paralympicsgb-2024-50p-silver-proof-colour-coin-rev.webp	/image/coins/foreign/team-gb-and-paralympicsgb-2024-50p-silver-proof-colour-coin-box.webp			
2001-britannia-silver-proof-set	ok	https://www.royalmint.com/shop/coin-sets/2001-Britannia-Silver-Proof-Set	88	9	0	/image/coins/foreign/2001-britannia-silver-proof-set-obv.webp	/image/coins/foreign/2001-britannia-silver-proof-set-rev.webp		/image/coins/foreign/2001-britannia-silver-proof-set-cert.webp		
portraits-of-a-queen-elizabeth-ii-the-third-effigy-2026-silver-proof-piedfort-coin	ok	https://www.royalmint.com/shop/limited-editions/portraits-of-a-queen/the-third-effigy/portraits-of-a-queen-elizabeth-ii-the-third-effigy-2026-silver-proof-piedfort-coin	87	3	0	/image/coins/foreign/portraits-of-a-queen-elizabeth-ii-the-third-effigy-2026-silver-proof-piedfort-coin-obv.webp	/image/coins/foreign/portraits-of-a-queen-elizabeth-ii-the-third-effigy-2026-silver-proof-piedfort-coin-rev.webp				
britannia-2024-uk-1oz-silver-coin	ok	https://www.royalmint.com/shop/ancient-historic/trial-of-the-pyx/Britannia-2024-UK-1oz-Silver-Coin	87	2	0	/image/coins/foreign/britannia-2024-uk-1oz-silver-coin-obv.webp	/image/coins/foreign/britannia-2024-uk-1oz-silver-coin-rev.webp				
tp25px110-britannia-2024-uk-1-20oz-silver-proof-coin	ok	https://www.royalmint.com/shop/ancient-historic/trial-of-the-pyx/TP25PX110-Britannia-2024-UK-1-20oz-Silver-Proof-Coin	87	2	0	/image/coins/foreign/tp25px110-britannia-2024-uk-1-20oz-silver-proof-coin-obv.webp	/image/coins/foreign/tp25px110-britannia-2024-uk-1-20oz-silver-proof-coin-rev.webp				
giant-deer-2024-50p-silver-proof-colour-coin	ok	https://www.royalmint.com/shop/limited-editions/ice-age-giants/the-giant-deer/giant-deer-2024-50p-silver-proof-colour-coin	88	4	0	/image/coins/foreign/giant-deer-2024-50p-silver-proof-colour-coin-obv.webp	/image/coins/foreign/giant-deer-2024-50p-silver-proof-colour-coin-rev.webp				
the-life-of-queen-victoria-2026-5-pound-silver-proof-coin	ok	https://www.royalmint.com/shop/limited-editions/the-life-of-queen-victoria/the-life-of-queen-victoria-2026-5-pound-silver-proof-coin	83	2	0	/image/coins/foreign/the-life-of-queen-victoria-2026-5-pound-silver-proof-coin-obv.webp	/image/coins/foreign/the-life-of-queen-victoria-2026-5-pound-silver-proof-coin-rev.webp				
star-wars-tie-fighter-2024-uk-50p-silver-proof-colour-oin	ok	https://www.royalmint.com/shop/ancient-historic/trial-of-the-pyx/Star-Wars-TIE-Fighter-2024-UK-50p-Silver-Proof-Colour-oin	74	1	0	/image/coins/foreign/star-wars-tie-fighter-2024-uk-50p-silver-proof-colour-oin-obv.webp	/image/coins/foreign/star-wars-tie-fighter-2024-uk-50p-silver-proof-colour-oin-rev.webp				
the-royal-arms-2024-1oz-silver-bullion-coin-73f522dc	ok	https://www.royalmint.com/shop/ancient-historic/trial-of-the-pyx/the-royal-arms-2024-1oz-silver-bullion-coin-73f522dc	87	2	0	/image/coins/foreign/the-royal-arms-2024-1oz-silver-bullion-coin-73f522dc-obv.webp	/image/coins/foreign/the-royal-arms-2024-1oz-silver-bullion-coin-73f522dc-rev.webp				
the-waterloo-medal-allied-leaders-2024-uk-5oz-silver-proof-coin	ok	https://www.royalmint.com/shop/ancient-historic/trial-of-the-pyx/The-Waterloo-Medal-Allied-Leaders-2024-UK-5oz-Silver-Proof-Coin	87	2	0	/image/coins/foreign/the-waterloo-medal-allied-leaders-2024-uk-5oz-silver-proof-coin-obv.webp	/image/coins/foreign/the-waterloo-medal-allied-leaders-2024-uk-5oz-silver-proof-coin-rev.webp				
elizabeth-ii-the-first-effigy-2026-silver-proof-piedfort-coin	ok	https://www.royalmint.com/shop/limited-editions/portraits-of-a-queen/the-first-effigy/elizabeth-ii-the-first-effigy-2026-silver-proof-piedfort-coin	87	3	0	/image/coins/foreign/elizabeth-ii-the-first-effigy-2026-silver-proof-piedfort-coin-obv.webp	/image/coins/foreign/elizabeth-ii-the-first-effigy-2026-silver-proof-piedfort-coin-rev.webp				
elizabeth-ii-the-second-effigy-2026-silver-proof-piedfort-coin	ok	https://www.royalmint.com/shop/limited-editions/portraits-of-a-queen/the-second-effigy/elizabeth-ii-the-second-effigy-2026-silver-proof-piedfort-coin	87	2	0	/image/coins/foreign/elizabeth-ii-the-second-effigy-2026-silver-proof-piedfort-coin-obv.webp	/image/coins/foreign/elizabeth-ii-the-second-effigy-2026-silver-proof-piedfort-coin-rev.webp				
the-lion-and-the-eagle-2024-uk-1oz-silver-proof-coin-03060cf0	ok	https://www.royalmint.com/shop/ancient-historic/trial-of-the-pyx/the-lion-and-the-eagle-2024-uk-1oz-silver-proof-coin-03060cf0	87	2	0	/image/coins/foreign/the-lion-and-the-eagle-2024-uk-1oz-silver-proof-coin-03060cf0-obv.webp	/image/coins/foreign/the-lion-and-the-eagle-2024-uk-1oz-silver-proof-coin-03060cf0-rev.webp				
the-snowman-2025-50p-silver-proof-colour-coin	ok	https://www.royalmint.com/shop/commemorative/childhood-characters/the-snowman/the-snowman-2025-50p-silver-proof-colour-coin	83	2	0	/image/coins/foreign/the-snowman-2025-50p-silver-proof-colour-coin-obv.webp	/image/coins/foreign/the-snowman-2025-50p-silver-proof-colour-coin-rev.webp	/image/coins/foreign/the-snowman-2025-50p-silver-proof-colour-coin-box.webp			
2026-britannia-1oz-silver-proof-coin	ok	https://www.royalmint.com/britannia/commemorative/2026-britannia-1oz-silver-proof-coin	83	2	0	/image/coins/foreign/2026-britannia-1oz-silver-proof-coin-obv.webp	/image/coins/foreign/2026-britannia-1oz-silver-proof-coin-rev.webp				
paul-mccartney-2024-uk-1oz-silver-proof-coin	ok	https://www.royalmint.com/shop/ancient-historic/trial-of-the-pyx/Paul-McCartney-2024-UK-1oz-Silver-Proof-Coin	87	2	0	/image/coins/foreign/paul-mccartney-2024-uk-1oz-silver-proof-coin-obv.webp	/image/coins/foreign/paul-mccartney-2024-uk-1oz-silver-proof-coin-rev.webp				
diplodocus-2024-50p-silver-proof-colour-coin	ok	https://www.royalmint.com/shop/limited-editions/dinosaurs-iconic-specimens/diplodocus/diplodocus-2024-50p-silver-proof-colour-coin	90	9	0	/image/coins/foreign/diplodocus-2024-50p-silver-proof-colour-coin-obv.webp	/image/coins/foreign/diplodocus-2024-50p-silver-proof-colour-coin-rev.webp	/image/coins/foreign/diplodocus-2024-50p-silver-proof-colour-coin-box.webp			
myths-and-legends-morgan-le-fay-2023-uk-1oz-silver-proof-coin	ok	https://www.royalmint.com/shop/ancient-historic/trial-of-the-pyx/Myths-and-Legends-Morgan-le-Fay-2023-UK-1oz-Silver-Proof-Coin	88	4	0	/image/coins/foreign/myths-and-legends-morgan-le-fay-2023-uk-1oz-silver-proof-coin-obv.webp	/image/coins/foreign/myths-and-legends-morgan-le-fay-2023-uk-1oz-silver-proof-coin-rev.webp			/image/coins/foreign/myths-and-legends-morgan-le-fay-2023-uk-1oz-silver-proof-coin-blister-obv.webp	/image/coins/foreign/myths-and-legends-morgan-le-fay-2023-uk-1oz-silver-proof-coin-blister-rev.webp
uk26wc5s	ok	https://www.royalmint.com/great-engravers/the-william-iv-crown/uk26wc5s	83	2	0	/image/coins/foreign/uk26wc5s-obv.webp	/image/coins/foreign/uk26wc5s-rev.webp				
the-life-of-queen-victoria-2026-5-pound-silver-piedfort-proof-coin	ok	https://www.royalmint.com/shop/limited-editions/the-life-of-queen-victoria/the-life-of-queen-victoria-2026-5-pound-silver-piedfort-proof-coin	83	2	0	/image/coins/foreign/the-life-of-queen-victoria-2026-5-pound-silver-piedfort-proof-coin-obv.webp	/image/coins/foreign/the-life-of-queen-victoria-2026-5-pound-silver-piedfort-proof-coin-rev.webp				
the-royal-tudor-beasts-2023-yale-of-beaufort-10oz-silver-bullion-coin	ok	https://www.royalmint.com/invest/bullion/bullion-coins/silver-coins/the-royal-tudor-beasts-2023-yale-of-beaufort-10oz-silver-bullion-coin	85	2	0	/image/coins/foreign/the-royal-tudor-beasts-2023-yale-of-beaufort-10oz-silver-bullion-coin-obv.webp	/image/coins/foreign/the-royal-tudor-beasts-2023-yale-of-beaufort-10oz-silver-bullion-coin-rev.webp				/image/coins/foreign/the-royal-tudor-beasts-2023-yale-of-beaufort-10oz-silver-bullion-coin-blister-rev.webp
the-waterloo-medal-allied-leaders-2024-uk-2oz-silver-proof-coin-matt	ok	https://www.royalmint.com/shop/ancient-historic/trial-of-the-pyx/The-Waterloo-Medal-Allied-Leaders-2024-UK-2oz-Silver-Proof-Coin-Matt	87	2	0	/image/coins/foreign/the-waterloo-medal-allied-leaders-2024-uk-2oz-silver-proof-coin-matt-obv.webp	/image/coins/foreign/the-waterloo-medal-allied-leaders-2024-uk-2oz-silver-proof-coin-matt-rev.webp				
britannia-2024-uk-1-10oz-silver-proof-coin	ok	https://www.royalmint.com/shop/ancient-historic/trial-of-the-pyx/Britannia-2024-UK-1-10oz-Silver-Proof-Coin	87	2	0	/image/coins/foreign/britannia-2024-uk-1-10oz-silver-proof-coin-obv.webp	/image/coins/foreign/britannia-2024-uk-1-10oz-silver-proof-coin-rev.webp				
paul-mccartney2024-uk-1oz-silver-proof-colour-coin	ok	https://www.royalmint.com/shop/ancient-historic/trial-of-the-pyx/Paul-McCartney2024-UK-1oz-Silver-Proof-Colour-Coin	87	2	0	/image/coins/foreign/paul-mccartney2024-uk-1oz-silver-proof-colour-coin-obv.webp	/image/coins/foreign/paul-mccartney2024-uk-1oz-silver-proof-colour-coin-rev.webp				
george-michael-2024-uk-1oz-silver-proof-coin	ok	https://www.royalmint.com/shop/ancient-historic/trial-of-the-pyx/George-Michael-2024-UK-1oz-Silver-Proof-Coin	87	2	0	/image/coins/foreign/george-michael-2024-uk-1oz-silver-proof-coin-obv.webp	/image/coins/foreign/george-michael-2024-uk-1oz-silver-proof-coin-rev.webp				
national-gallery-2024-2-pound-silver-proof-piedfort-coin	missing_both_sides	https://www.royalmint.com/shop/limited-editions/national-gallery/national-gallery-2024-2-pound-silver-proof-piedfort-coin	84	1	0						
britannia-2024-uk-1oz-silver-proof-coin	ok	https://www.royalmint.com/shop/ancient-historic/trial-of-the-pyx/Britannia-2024-UK-1oz-Silver-Proof-Coin	87	2	0	/image/coins/foreign/britannia-2024-uk-1oz-silver-proof-coin-obv.webp	/image/coins/foreign/britannia-2024-uk-1oz-silver-proof-coin-rev.webp				
britannia-2024-uk-1-2oz-silver-proof-coin	ok	https://www.royalmint.com/shop/ancient-historic/trial-of-the-pyx/Britannia-2024-UK-1-2oz-Silver-Proof-Coin	87	2	0	/image/coins/foreign/britannia-2024-uk-1-2oz-silver-proof-coin-obv.webp	/image/coins/foreign/britannia-2024-uk-1-2oz-silver-proof-coin-rev.webp				
star-wars-han-solo-and-chewbacca-2024-uk-50p-silver-proof-colour-coin	ok	https://www.royalmint.com/shop/ancient-historic/trial-of-the-pyx/Star-Wars-Han-Solo-and-Chewbacca-2024-UK-50p-Silver-Proof-Colour-Coin	87	2	0	/image/coins/foreign/star-wars-han-solo-and-chewbacca-2024-uk-50p-silver-proof-colour-coin-obv.webp	/image/coins/foreign/star-wars-han-solo-and-chewbacca-2024-uk-50p-silver-proof-colour-coin-rev.webp				
dame-vera-lynn-1917-half-crown-and-2022-2-pound-silver-proof	ok	https://www.royalmint.com/shop/coin-sets/dame-vera-lynn-1917-half-crown-and-2022-2-pound-silver-proof	85	4	0	/image/coins/foreign/dame-vera-lynn-1917-half-crown-and-2022-2-pound-silver-proof-obv.webp	/image/coins/foreign/dame-vera-lynn-1917-half-crown-and-2022-2-pound-silver-proof-rev.webp	/image/coins/foreign/dame-vera-lynn-1917-half-crown-and-2022-2-pound-silver-proof-box.webp			
britannia-2024-uk-2oz-silver-proof-coin	ok	https://www.royalmint.com/shop/ancient-historic/trial-of-the-pyx/Britannia-2024-UK-2oz-Silver-Proof-Coin	87	2	0	/image/coins/foreign/britannia-2024-uk-2oz-silver-proof-coin-obv.webp	/image/coins/foreign/britannia-2024-uk-2oz-silver-proof-coin-rev.webp				
lunar-year-of-the-dragon-2024-uk-5oz-silver-proof-coin	ok	https://www.royalmint.com/shop/ancient-historic/trial-of-the-pyx/Lunar-Year-of-the-Dragon-2024-UK-5oz-Silver-Proof-Coin	87	2	0	/image/coins/foreign/lunar-year-of-the-dragon-2024-uk-5oz-silver-proof-coin-obv.webp	/image/coins/foreign/lunar-year-of-the-dragon-2024-uk-5oz-silver-proof-coin-rev.webp				
paul-mccartney-2024-uk-2oz-silver-proof-coin	ok	https://www.royalmint.com/shop/ancient-historic/trial-of-the-pyx/Paul-McCartney-2024-UK-2oz-Silver-Proof-Coin	87	2	0	/image/coins/foreign/paul-mccartney-2024-uk-2oz-silver-proof-coin-obv.webp	/image/coins/foreign/paul-mccartney-2024-uk-2oz-silver-proof-coin-rev.webp				
rrs-discovery-2025-2-pound-silver-proof-coin	ok	https://www.royalmint.com/shop/limited-editions/rrs-discovery/rrs-discovery-2025-2-pound-silver-proof-coin	84	4	0	/image/coins/foreign/rrs-discovery-2025-2-pound-silver-proof-coin-obv.webp	/image/coins/foreign/rrs-discovery-2025-2-pound-silver-proof-coin-rev.webp		/image/coins/foreign/rrs-discovery-2025-2-pound-silver-proof-coin-cert.webp		
britannia-and-liberty-2024-uk-5oz-silver-proof-coin	ok	https://www.royalmint.com/shop/ancient-historic/trial-of-the-pyx/Britannia-and-Liberty-2024-UK-5oz-Silver-Proof-Coin	87	2	0	/image/coins/foreign/britannia-and-liberty-2024-uk-5oz-silver-proof-coin-obv.webp	/image/coins/foreign/britannia-and-liberty-2024-uk-5oz-silver-proof-coin-rev.webp				
the-lion-and-the-eagle-2024-uk-2oz-silver-proof-coin	ok	https://www.royalmint.com/shop/ancient-historic/trial-of-the-pyx/The-Lion-and-The-Eagle-2024-UK-2oz-Silver-Proof-Coin	87	2	0	/image/coins/foreign/the-lion-and-the-eagle-2024-uk-2oz-silver-proof-coin-obv.webp	/image/coins/foreign/the-lion-and-the-eagle-2024-uk-2oz-silver-proof-coin-rev.webp				
bond-films-of-the-1980s-2024-2oz-silver-proof-coin	ok	https://www.royalmint.com/six-decades-of-007/bond-films-of-the-1980s/bond-films-of-the-1980s-2024-2oz-silver-proof-coin	90	11	0	/image/coins/foreign/bond-films-of-the-1980s-2024-2oz-silver-proof-coin-obv.webp	/image/coins/foreign/bond-films-of-the-1980s-2024-2oz-silver-proof-coin-rev.webp	/image/coins/foreign/bond-films-of-the-1980s-2024-2oz-silver-proof-coin-box.webp			
2026-britannia-2oz-silver-proof-coin	only_packshot_no_sides	https://www.royalmint.com/britannia/commemorative/2026-britannia-2oz-silver-proof-coin	83	1	0						/image/coins/foreign/2026-britannia-2oz-silver-proof-coin-blister-rev.webp
rrs-discovery-2025-2-silver-proof-piedfort-coin	ok	https://www.royalmint.com/shop/limited-editions/rrs-discovery/rrs-discovery-2025-2-silver-proof-piedfort-coin	84	4	0	/image/coins/foreign/rrs-discovery-2025-2-silver-proof-piedfort-coin-obv.webp	/image/coins/foreign/rrs-discovery-2025-2-silver-proof-piedfort-coin-rev.webp		/image/coins/foreign/rrs-discovery-2025-2-silver-proof-piedfort-coin-cert.webp		
penny-2024-silver-brilliant-uncirculated-coin	ok	https://www.royalmint.com/shop/ancient-historic/trial-of-the-pyx/Penny-2024-Silver-Brilliant-Uncirculated-Coin	87	2	0	/image/coins/foreign/penny-2024-silver-brilliant-uncirculated-coin-obv.webp	/image/coins/foreign/penny-2024-silver-brilliant-uncirculated-coin-rev.webp				
buckingham-palace-2024-uk-5-silver-proof-coin	ok	https://www.royalmint.com/shop/ancient-historic/trial-of-the-pyx/Buckingham-Palace-2024-UK-5-Silver-Proof-Coin	87	2	0	/image/coins/foreign/buckingham-palace-2024-uk-5-silver-proof-coin-obv.webp	/image/coins/foreign/buckingham-palace-2024-uk-5-silver-proof-coin-rev.webp				
britannia-and-liberty-2024-uk-2oz-silver-proof-coin	ok	https://www.royalmint.com/shop/ancient-historic/trial-of-the-pyx/Britannia-and-Liberty-2024-UK-2oz-Silver-Proof-Coin	87	2	0	/image/coins/foreign/britannia-and-liberty-2024-uk-2oz-silver-proof-coin-obv.webp	/image/coins/foreign/britannia-and-liberty-2024-uk-2oz-silver-proof-coin-rev.webp				
the-lion-and-the-eagle-2024-uk-1-10oz-silver-proof-coin	ok	https://www.royalmint.com/shop/ancient-historic/trial-of-the-pyx/The-Lion-and-The-Eagle-2024-UK-1-10oz-Silver-Proof-Coin	87	2	0	/image/coins/foreign/the-lion-and-the-eagle-2024-uk-1-10oz-silver-proof-coin-obv.webp	/image/coins/foreign/the-lion-and-the-eagle-2024-uk-1-10oz-silver-proof-coin-rev.webp				
george-michael-2024-uk-2oz-silver-proof-coin	ok	https://www.royalmint.com/shop/ancient-historic/trial-of-the-pyx/George-Michael-2024-UK-2oz-Silver-Proof-Coin	87	2	0	/image/coins/foreign/george-michael-2024-uk-2oz-silver-proof-coin-obv.webp	/image/coins/foreign/george-michael-2024-uk-2oz-silver-proof-coin-rev.webp				
portraits-of-a-queen-elizabeth-ii-the-fourth-effigy-2026-silver-proof-piedfort-coin	ok	https://www.royalmint.com/shop/limited-editions/portraits-of-a-queen/the-fourth-effigy/portraits-of-a-queen-elizabeth-ii-the-fourth-effigy-2026-silver-proof-piedfort-coin	87	3	0	/image/coins/foreign/portraits-of-a-queen-elizabeth-ii-the-fourth-effigy-2026-silver-proof-piedfort-coin-obv.webp	/image/coins/foreign/portraits-of-a-queen-elizabeth-ii-the-fourth-effigy-2026-silver-proof-piedfort-coin-rev.webp				
the-lion-and-the-eagle-2024-uk-1oz-silver-proof-coin	ok	https://www.royalmint.com/shop/ancient-historic/trial-of-the-pyx/The-Lion-and-The-Eagle-2024-UK-1oz-Silver-Proof-Coin	74	1	0	/image/coins/foreign/the-lion-and-the-eagle-2024-uk-1oz-silver-proof-coin-obv.webp	/image/coins/foreign/the-lion-and-the-eagle-2024-uk-1oz-silver-proof-coin-rev.webp				
star-wars-millennium-falcon-2024-uk-50p-silver-proof-colour-coin	ok	https://www.royalmint.com/shop/ancient-historic/trial-of-the-pyx/Star-Wars-Millennium-Falcon-2024-UK-50p-Silver-Proof-Colour-Coin	87	2	0	/image/coins/foreign/star-wars-millennium-falcon-2024-uk-50p-silver-proof-colour-coin-obv.webp	/image/coins/foreign/star-wars-millennium-falcon-2024-uk-50p-silver-proof-colour-coin-rev.webp				
star-wars-death-star-ll-2024-uk-50p-silver-proof-colour-coin	ok	https://www.royalmint.com/shop/ancient-historic/trial-of-the-pyx/Star-Wars-Death-Star-ll-2024-UK-50p-Silver-Proof-Colour-Coin	87	2	0	/image/coins/foreign/star-wars-death-star-ll-2024-uk-50p-silver-proof-colour-coin-obv.webp	/image/coins/foreign/star-wars-death-star-ll-2024-uk-50p-silver-proof-colour-coin-rev.webp				
d-day-2024-uk-50p-silver-proof-coin	ok	https://www.royalmint.com/shop/ancient-historic/trial-of-the-pyx/D-Day-2024-UK-50p-Silver-Proof-Coin	87	2	0	/image/coins/foreign/d-day-2024-uk-50p-silver-proof-coin-obv.webp	/image/coins/foreign/d-day-2024-uk-50p-silver-proof-coin-rev.webp				
star-wars-x-wing-2024-5oz-silver-proof-coin	ok	https://www.royalmint.com/star-wars/vehicles/x-wing/star-wars-x-wing-2024-5oz-silver-proof-coin	84	5	0	/image/coins/foreign/star-wars-x-wing-2024-5oz-silver-proof-coin-obv.webp	/image/coins/foreign/star-wars-x-wing-2024-5oz-silver-proof-coin-rev.webp	/image/coins/foreign/star-wars-x-wing-2024-5oz-silver-proof-coin-box.webp			
the-lion-and-the-eagle-2026-5oz-silver-proof-coin	ok	https://www.royalmint.com/shop/limited-editions/the-lion-and-eagle/commemorative/the-lion-and-the-eagle-2026-5oz-silver-proof-coin	83	2	0	/image/coins/foreign/the-lion-and-the-eagle-2026-5oz-silver-proof-coin-obv.webp	/image/coins/foreign/the-lion-and-the-eagle-2026-5oz-silver-proof-coin-rev.webp				
buckingham-palace-2024-uk-5-silver-proof-piedfort-coin	ok	https://www.royalmint.com/shop/ancient-historic/trial-of-the-pyx/Buckingham-Palace-2024-UK-5-Silver-Proof-Piedfort-Coin	87	2	0	/image/coins/foreign/buckingham-palace-2024-uk-5-silver-proof-piedfort-coin-obv.webp	/image/coins/foreign/buckingham-palace-2024-uk-5-silver-proof-piedfort-coin-rev.webp				
2019-queen-victoria-uk-silver-proof-5-piedfort-coin	missing_both_sides	https://www.royalmint.com/shop/monarch/queen-elizabeth-ii/2019-Queen-Victoria-UK-Silver-Proof-5-Piedfort-Coin	81	1	0						
2009-sir-isaac-newton-silver-5-celebration-of-britain	ok	https://www.royalmint.com/shop/monarch/queen-elizabeth-ii/2009-Sir-Isaac-Newton-Silver-5-Celebration-Of-Britain	81	2	0	/image/coins/foreign/2009-sir-isaac-newton-silver-5-celebration-of-britain-obv.webp	/image/coins/foreign/2009-sir-isaac-newton-silver-5-celebration-of-britain-rev.webp				
the-life-of-queen-victoria-silver-set	ok	https://www.royalmint.com/shop/limited-editions/the-life-of-queen-victoria/The-Life-of-Queen-Victoria-Silver-Set	84	2	0	/image/coins/foreign/the-life-of-queen-victoria-silver-set-obv.webp	/image/coins/foreign/the-life-of-queen-victoria-silver-set-rev.webp				
george-michael-2024-uk-1oz-silver-proof-colour-coin	ok	https://www.royalmint.com/shop/ancient-historic/trial-of-the-pyx/George-Michael-2024-UK-1oz-Silver-Proof-Colour-Coin	87	2	0	/image/coins/foreign/george-michael-2024-uk-1oz-silver-proof-colour-coin-obv.webp	/image/coins/foreign/george-michael-2024-uk-1oz-silver-proof-colour-coin-rev.webp				
britannia-2024-uk-1oz-silver-proof-coin-frosted	ok	https://www.royalmint.com/shop/ancient-historic/trial-of-the-pyx/Britannia-2024-UK-1oz-Silver-Proof-Coin-Frosted	87	2	0	/image/coins/foreign/britannia-2024-uk-1oz-silver-proof-coin-frosted-obv.webp	/image/coins/foreign/britannia-2024-uk-1oz-silver-proof-coin-frosted-rev.webp				
charles-iii-definitives-2024-uk-20p-silver-proof-coin	ok	https://www.royalmint.com/shop/ancient-historic/trial-of-the-pyx/Charles-III-Definitives-2024-UK-20p-Silver-Proof-Coin	87	2	0	/image/coins/foreign/charles-iii-definitives-2024-uk-20p-silver-proof-coin-obv.webp	/image/coins/foreign/charles-iii-definitives-2024-uk-20p-silver-proof-coin-rev.webp				
william-iv-crown-2026-10oz-silver-proof-coin	ok	https://www.royalmint.com/great-engravers/the-william-iv-crown/william-iv-crown-2026-10oz-silver-proof-coin	83	2	0	/image/coins/foreign/william-iv-crown-2026-10oz-silver-proof-coin-obv.webp	/image/coins/foreign/william-iv-crown-2026-10oz-silver-proof-coin-rev.webp				
britannia-silver-set	only_packshot_no_sides	https://www.royalmint.com/shop/coin-sets/Britannia-Silver-Set	84	1	0						/image/coins/foreign/britannia-silver-set-blister-rev.webp
200-years-of-the-rnli-2024-uk-50p-silver-proof-coin	ok	https://www.royalmint.com/shop/ancient-historic/trial-of-the-pyx/200-Years-of-the-RNLI-2024-UK-50p-Silver-Proof-Coin	87	2	0	/image/coins/foreign/200-years-of-the-rnli-2024-uk-50p-silver-proof-coin-obv.webp	/image/coins/foreign/200-years-of-the-rnli-2024-uk-50p-silver-proof-coin-rev.webp				
britannia-2024-uk-1-4oz-silver-proof-coin	ok	https://www.royalmint.com/shop/ancient-historic/trial-of-the-pyx/Britannia-2024-UK-1-4oz-Silver-Proof-Coin	87	2	0	/image/coins/foreign/britannia-2024-uk-1-4oz-silver-proof-coin-obv.webp	/image/coins/foreign/britannia-2024-uk-1-4oz-silver-proof-coin-rev.webp				
star-wars-x-wing-2024-uk-50p-silver-proof-colour-coin	ok	https://www.royalmint.com/shop/ancient-historic/trial-of-the-pyx/Star-Wars-X-Wing-2024-UK-50p-Silver-Proof-Colour-Coin	87	2	0	/image/coins/foreign/star-wars-x-wing-2024-uk-50p-silver-proof-colour-coin-obv.webp	/image/coins/foreign/star-wars-x-wing-2024-uk-50p-silver-proof-colour-coin-rev.webp				
the-lion-and-the-eagle-2024-uk-1-4oz-silver-proof-coin	ok	https://www.royalmint.com/shop/ancient-historic/trial-of-the-pyx/The-Lion-and-The-Eagle-2024-UK-1-4oz-Silver-Proof-Coin	87	2	0	/image/coins/foreign/the-lion-and-the-eagle-2024-uk-1-4oz-silver-proof-coin-obv.webp	/image/coins/foreign/the-lion-and-the-eagle-2024-uk-1-4oz-silver-proof-coin-rev.webp				
the-merlen-shield-silver-two-coin-set	ok	https://www.royalmint.com/great-engravers/the-william-iv-crown/the-merlen-shield-silver-two-coin-set	84	3	0	/image/coins/foreign/the-merlen-shield-silver-two-coin-set-obv.webp	/image/coins/foreign/the-merlen-shield-silver-two-coin-set-rev.webp		/image/coins/foreign/the-merlen-shield-silver-two-coin-set-cert.webp		
bond-films-of-the-1980s-2024-5oz-silver-proof-coin	ok	https://www.royalmint.com/six-decades-of-007/bond-films-of-the-1980s/bond-films-of-the-1980s-2024-5oz-silver-proof-coin	90	11	0	/image/coins/foreign/bond-films-of-the-1980s-2024-5oz-silver-proof-coin-obv.webp	/image/coins/foreign/bond-films-of-the-1980s-2024-5oz-silver-proof-coin-rev.webp	/image/coins/foreign/bond-films-of-the-1980s-2024-5oz-silver-proof-coin-box.webp			
britannia-2024-uk-1-20oz-silver-proof-coin	ok	https://www.royalmint.com/shop/ancient-historic/trial-of-the-pyx/Britannia-2024-UK-1-20oz-Silver-Proof-Coin	87	2	0	/image/coins/foreign/britannia-2024-uk-1-20oz-silver-proof-coin-obv.webp	/image/coins/foreign/britannia-2024-uk-1-20oz-silver-proof-coin-rev.webp				
britannia-2024-uk-5oz-silver-proof-coin	ok	https://www.royalmint.com/shop/ancient-historic/trial-of-the-pyx/Britannia-2024-UK-5oz-Silver-Proof-Coin	87	2	0	/image/coins/foreign/britannia-2024-uk-5oz-silver-proof-coin-obv.webp	/image/coins/foreign/britannia-2024-uk-5oz-silver-proof-coin-rev.webp				
the-lion-and-the-eagle-2024-10oz-silver-proof-coin	ok	https://www.royalmint.com/shop/limited-editions/the-lion-and-eagle/the-lion-and-the-eagle-2024-10oz-silver-proof-coin	84	4	0	/image/coins/foreign/the-lion-and-the-eagle-2024-10oz-silver-proof-coin-obv.webp	/image/coins/foreign/the-lion-and-the-eagle-2024-10oz-silver-proof-coin-rev.webp				
d-day-2024-uk-1oz-2-pound-silver-proof-coin	ok	https://www.royalmint.com/shop/ancient-historic/trial-of-the-pyx/D-Day-2024-UK-1oz-2-Pound-Silver-Proof-Coin	87	2	0	/image/coins/foreign/d-day-2024-uk-1oz-2-pound-silver-proof-coin-obv.webp	/image/coins/foreign/d-day-2024-uk-1oz-2-pound-silver-proof-coin-rev.webp				
bond-films-of-the-1990s-2024-5oz-silver-proof-coin	ok	https://www.royalmint.com/six-decades-of-007/bond-films-of-the-1990s/bond-films-of-the-1990s-2024-5oz-silver-proof-coin	90	11	0	/image/coins/foreign/bond-films-of-the-1990s-2024-5oz-silver-proof-coin-obv.webp	/image/coins/foreign/bond-films-of-the-1990s-2024-5oz-silver-proof-coin-rev.webp	/image/coins/foreign/bond-films-of-the-1990s-2024-5oz-silver-proof-coin-box.webp			
2020-celebrating-british-diversity-50p-silver-proof	missing_both_sides	https://www.royalmint.com/shop/monarch/queen-elizabeth-ii/2020-Celebrating-British-Diversity-50p-Silver-Proof	81	1	0						
charles-iii-definitives-2024-uk-5p-silver-proof-coin	ok	https://www.royalmint.com/shop/ancient-historic/trial-of-the-pyx/Charles-III-Definitives-2024-UK-5p-Silver-Proof-Coin	87	2	0	/image/coins/foreign/charles-iii-definitives-2024-uk-5p-silver-proof-coin-obv.webp	/image/coins/foreign/charles-iii-definitives-2024-uk-5p-silver-proof-coin-rev.webp				
britannia-and-liberty-2024-uk-1oz-silver-proof-coin	ok	https://www.royalmint.com/shop/ancient-historic/trial-of-the-pyx/Britannia-and-Liberty-2024-UK-1oz-Silver-Proof-Coin	87	2	0	/image/coins/foreign/britannia-and-liberty-2024-uk-1oz-silver-proof-coin-obv.webp	/image/coins/foreign/britannia-and-liberty-2024-uk-1oz-silver-proof-coin-rev.webp				
the-police-2023-uk-2oz-silver-proof-coin	ok	https://www.royalmint.com/shop/ancient-historic/trial-of-the-pyx/The-Police-2023-UK-2oz-Silver-Proof-Coin	88	4	0	/image/coins/foreign/the-police-2023-uk-2oz-silver-proof-coin-obv.webp	/image/coins/foreign/the-police-2023-uk-2oz-silver-proof-coin-rev.webp			/image/coins/foreign/the-police-2023-uk-2oz-silver-proof-coin-blister-obv.webp	/image/coins/foreign/the-police-2023-uk-2oz-silver-proof-coin-blister-rev.webp
the-lion-and-the-eagle-2024-uk-1-2oz-silver-proof-coin	missing_both_sides	https://www.royalmint.com/shop/ancient-historic/trial-of-the-pyx/archive/The-Lion-and-The-Eagle-2024-UK-1-2oz-Silver-Proof-Coin	0	0	1						
200-years-of-the-rnli-2024-uk-50p-silver-proof-piedfort-coin	ok	https://www.royalmint.com/shop/ancient-historic/trial-of-the-pyx/200-Years-of-the-RNLI-2024-UK-50p-Silver-Proof-Piedfort-Coin	87	2	0	/image/coins/foreign/200-years-of-the-rnli-2024-uk-50p-silver-proof-piedfort-coin-obv.webp	/image/coins/foreign/200-years-of-the-rnli-2024-uk-50p-silver-proof-piedfort-coin-rev.webp				
2019-remembrance-day-uk-5-silver-proof-piedfort	missing_both_sides	https://www.royalmint.com/shop/monarch/queen-elizabeth-ii/2019-Remembrance-Day-UK-5-Silver-Proof-Piedfort	81	1	0						
britannia-2024-uk-1-4oz-silver-proof-coin-tp25px103	ok	https://www.royalmint.com/shop/ancient-historic/trial-of-the-pyx/Britannia-2024-UK-1-4oz-Silver-Proof-Coin-TP25PX103	87	2	0	/image/coins/foreign/britannia-2024-uk-1-4oz-silver-proof-coin-tp25px103-obv.webp	/image/coins/foreign/britannia-2024-uk-1-4oz-silver-proof-coin-tp25px103-rev.webp				
the-lion-and-the-eagle-2024-5oz-silver-proof-coin	ok	https://www.royalmint.com/shop/limited-editions/the-lion-and-eagle/the-lion-and-the-eagle-2024-5oz-silver-proof-coin	84	5	0	/image/coins/foreign/the-lion-and-the-eagle-2024-5oz-silver-proof-coin-obv.webp	/image/coins/foreign/the-lion-and-the-eagle-2024-5oz-silver-proof-coin-rev.webp	/image/coins/foreign/the-lion-and-the-eagle-2024-5oz-silver-proof-coin-box.webp			
d-day-2024-uk-2oz-silver-proof-coin	ok	https://www.royalmint.com/shop/ancient-historic/trial-of-the-pyx/D-Day-2024-UK-2oz-Silver-Proof-Coin	87	2	0	/image/coins/foreign/d-day-2024-uk-2oz-silver-proof-coin-obv.webp	/image/coins/foreign/d-day-2024-uk-2oz-silver-proof-coin-rev.webp				
1995-eire-united-nations-silver-1	ok	https://www.royalmint.com/shop/world/1995-Eire-United-Nations-Silver-1	81	2	0	/image/coins/foreign/1995-eire-united-nations-silver-1-obv.webp	/image/coins/foreign/1995-eire-united-nations-silver-1-rev.webp				
charles-iii-definitives-2024-uk-10p-silver-proof-coin	ok	https://www.royalmint.com/shop/ancient-historic/trial-of-the-pyx/Charles-III-Definitives-2024-UK-10p-Silver-Proof-Coin	87	2	0	/image/coins/foreign/charles-iii-definitives-2024-uk-10p-silver-proof-coin-obv.webp	/image/coins/foreign/charles-iii-definitives-2024-uk-10p-silver-proof-coin-rev.webp				
tp25px152	ok	https://www.royalmint.com/shop/ancient-historic/trial-of-the-pyx/tp25px152	87	2	0	/image/coins/foreign/tp25px152-obv.webp	/image/coins/foreign/tp25px152-rev.webp				
2017-a-life-of-service-prince-philip-silver-5-crown	ok	https://www.royalmint.com/shop/monarch/queen-elizabeth-ii/2017-A-Life-of-Service-Prince-Philip-Silver-5-Crown	81	2	0	/image/coins/foreign/2017-a-life-of-service-prince-philip-silver-5-crown-obv.webp	/image/coins/foreign/2017-a-life-of-service-prince-philip-silver-5-crown-rev.webp				
the-spice-girl-2026-uk-1oz-silver-proof-colour-coin	ok	https://www.royalmint.com/shop/limited-editions/music-legends/spice-girls/the-spice-girl-2026-UK-1oz-silver-proof-colour-coin	83	2	0	/image/coins/foreign/the-spice-girl-2026-uk-1oz-silver-proof-colour-coin-obv.webp	/image/coins/foreign/the-spice-girl-2026-uk-1oz-silver-proof-colour-coin-rev.webp				
75-years-of-dennis-the-menace-2026-1kg-silver-proof-coin	missing_both_sides	https://www.royalmint.com/shop/limited-editions/dennis-the-menace/75-years-of-dennis-the-menace-2026-1kg-silver-proof-coin	82	1	0						
the-lion-and-the-eagle-2024-uk-5oz-silver-proof-coin	ok	https://www.royalmint.com/shop/ancient-historic/trial-of-the-pyx/The-Lion-and-The-Eagle-2024-UK-5oz-Silver-Proof-Coin	87	2	0	/image/coins/foreign/the-lion-and-the-eagle-2024-uk-5oz-silver-proof-coin-obv.webp	/image/coins/foreign/the-lion-and-the-eagle-2024-uk-5oz-silver-proof-coin-rev.webp				
the-spice-girls-2026-uk-2oz-silver-proof-coin	ok	https://www.royalmint.com/shop/limited-editions/music-legends/spice-girls/the-spice-girls-2026-UK-2oz-silver-proof-coin	81	2	0	/image/coins/foreign/the-spice-girls-2026-uk-2oz-silver-proof-coin-obv.webp	/image/coins/foreign/the-spice-girls-2026-uk-2oz-silver-proof-coin-rev.webp				
the-spice-girls-2026-uk-5oz-silver-proof-coin	ok	https://www.royalmint.com/shop/limited-editions/music-legends/spice-girls/the-spice-girls-2026-UK-5oz-silver-proof-coin	83	2	0	/image/coins/foreign/the-spice-girls-2026-uk-5oz-silver-proof-coin-obv.webp	/image/coins/foreign/the-spice-girls-2026-uk-5oz-silver-proof-coin-rev.webp				
portraits-of-a-queen-elizabeth-the-fifth-effigy-2026-silver-proof-coin	ok	https://www.royalmint.com/shop/limited-editions/portraits-of-a-queen/the-fifth-effigy/portraits-of-a-queen-elizabeth-the-fifth-effigy-2026-silver-proof-coin	87	2	0	/image/coins/foreign/portraits-of-a-queen-elizabeth-the-fifth-effigy-2026-silver-proof-coin-obv.webp	/image/coins/foreign/portraits-of-a-queen-elizabeth-the-fifth-effigy-2026-silver-proof-coin-rev.webp				
charles-iii-definitives-2024-uk-2-pound-silver-proof-coin	missing_both_sides	https://www.royalmint.com/shop/ancient-historic/trial-of-the-pyx/archive/Charles-III-Definitives-2024-UK-2-Pound-Silver-Proof-Coin	0	0	1						
100th-anniversary-of-the-birth-of-queen-elizabeth-ii-2026-1kg-silver-proof-coin	ok	https://www.royalmint.com/shop/limited-editions/100th-anniversary-of-the-birth-of-queen-elizabeth-ii/100th-anniversary-of-the-birth-of-queen-elizabeth-ii-2026-1kg-silver-proof-coin	82	2	0	/image/coins/foreign/100th-anniversary-of-the-birth-of-queen-elizabeth-ii-2026-1kg-silver-proof-coin-obv.webp	/image/coins/foreign/100th-anniversary-of-the-birth-of-queen-elizabeth-ii-2026-1kg-silver-proof-coin-rev.webp				
portraits-of-a-queen-elizabeth-ii-the-fifth-effigy-2026-silver-proof-piedfort-coin	ok	https://www.royalmint.com/shop/limited-editions/portraits-of-a-queen/the-fifth-effigy/portraits-of-a-queen-elizabeth-ii-the-fifth-effigy-2026-silver-proof-piedfort-coin	87	1	0	/image/coins/foreign/portraits-of-a-queen-elizabeth-ii-the-fifth-effigy-2026-silver-proof-piedfort-coin-obv.webp	/image/coins/foreign/portraits-of-a-queen-elizabeth-ii-the-fifth-effigy-2026-silver-proof-piedfort-coin-rev.webp				
the-lion-and-the-eagle-2023-1kg-silver-proof-trial-piece-with-microdot-matt-finish-obverse	ok	https://www.royalmint.com/shop/monarch/queen-elizabeth-ii/The-Lion-and-The-Eagle-2023-1kg-Silver-Proof-Trial-Piece-with-Microdot-Matt-Finish-Obverse	81	2	0	/image/coins/foreign/the-lion-and-the-eagle-2023-1kg-silver-proof-trial-piece-with-microdot-matt-finish-obverse-obv.webp	/image/coins/foreign/the-lion-and-the-eagle-2023-1kg-silver-proof-trial-piece-with-microdot-matt-finish-obverse-rev.webp				
100th-anniversary-of-the-birth-of-queen-elizabeth-ii-2026-silver-proof-piedfort-coin	ok	https://www.royalmint.com/shop/limited-editions/100th-anniversary-of-the-birth-of-queen-elizabeth-ii/100th-anniversary-of-the-birth-of-queen-elizabeth-ii-2026-silver-proof-piedfort-coin	83	2	0	/image/coins/foreign/100th-anniversary-of-the-birth-of-queen-elizabeth-ii-2026-silver-proof-piedfort-coin-obv.webp	/image/coins/foreign/100th-anniversary-of-the-birth-of-queen-elizabeth-ii-2026-silver-proof-piedfort-coin-rev.webp				
100th-anniversary-of-the-birth-of-queen-elizabeth-ii-2026-silver-proof-coin	ok	https://www.royalmint.com/shop/limited-editions/100th-anniversary-of-the-birth-of-queen-elizabeth-ii/100th-anniversary-of-the-birth-of-queen-elizabeth-ii-2026-silver-proof-coin	84	2	0	/image/coins/foreign/100th-anniversary-of-the-birth-of-queen-elizabeth-ii-2026-silver-proof-coin-obv.webp	/image/coins/foreign/100th-anniversary-of-the-birth-of-queen-elizabeth-ii-2026-silver-proof-coin-rev.webp				
100th-anniversary-of-the-birth-of-qeii-two-coin-silver-proof-set	ok	https://www.royalmint.com/shop/limited-editions/100th-anniversary-of-the-birth-of-queen-elizabeth-ii/100th-anniversary-of-the-birth-of-qeii-two-coin-silver-proof-set	85	1	0	/image/coins/foreign/100th-anniversary-of-the-birth-of-qeii-two-coin-silver-proof-set-obv.webp	/image/coins/foreign/100th-anniversary-of-the-birth-of-qeii-two-coin-silver-proof-set-rev.webp				
rtgr252s-the-royal-tudor-beasts-2025-greyhound-of-richmond-2oz-silver-bullion-coin	ok	https://www.royalmint.com/invest/bullion/bullion-coins/silver-coins/2oz-silver-bullion-coins/RTGR252S-The-Royal-Tudor-Beasts-2025-Greyhound-of-Richmond-2oz-Silver-Bullion-Coin	85	6	0	/image/coins/foreign/rtgr252s-the-royal-tudor-beasts-2025-greyhound-of-richmond-2oz-silver-bullion-coin-obv.webp	/image/coins/foreign/rtgr252s-the-royal-tudor-beasts-2025-greyhound-of-richmond-2oz-silver-bullion-coin-rev.webp			/image/coins/foreign/rtgr252s-the-royal-tudor-beasts-2025-greyhound-of-richmond-2oz-silver-bullion-coin-blister-obv.webp	/image/coins/foreign/rtgr252s-the-royal-tudor-beasts-2025-greyhound-of-richmond-2oz-silver-bullion-coin-blister-rev.webp
