reason	slug	seed	title	obv	rev
"missing_obverse"	"britannia-2022-1-oz-silver-bullion-coin"	"https://www.royalmint.com/invest/bullion/bullion-coins/silver-coins/britannia-2022-1-oz-silver-bullion-coin"	"Britannia 2022 1 oz Silver Bullion Coin"	""	"https://www.royalmint.com/globalassets/_ecommerce/invest/launches/2026/britannia/products/silver-1-oz/bb26s1c---2026-bullion-britannia-1oz-silver-reverse-tube.jpg"
"edge_mixed_pair"	"lunar-year-of-the-snake-2025-1oz-silver-proof-coin"	"https://www.royalmint.com/lunar/year-of-the-snake/lunar-year-of-the-snake-2025-1oz-silver-proof-coin"	"Lunar Year of the Snake 2025 UK 1oz Silver Proof Coin"	"https://www.royalmint.com/globalassets/_ecommerce/commemorative/launches/2025-launches/lunar---year-of-the-snake/uk25lss1-tlunar-year-of-the-snake-2025-uk-1oz-silver-proof-coin-obverse-edge--1500x1500-f3a2c67.jpg"	"https://www.royalmint.com/globalassets/_ecommerce/commemorative/launches/2025-launches/lunar---year-of-the-snake/uk25lss1---lunar-year-of-the-snake-2025-uk-1oz-silver-proof-coin-reverse-in-case-left-1500x1500-f3a2c67.jpg"
"edge_mixed_pair"	"lunar-year-of-the-snake-2025-5oz-silver-proof-coin"	"https://www.royalmint.com/lunar/year-of-the-snake/lunar-year-of-the-snake-2025-5oz-silver-proof-coin"	"Lunar Year of the Snake 2025 UK 5oz Silver Proof Coin"	"https://www.royalmint.com/globalassets/_ecommerce/commemorative/launches/2025-launches/lunar---year-of-the-snake/uk25lss5-tlunar-year-of-the-snake-2025-uk-5oz-silver-proof-coin-obverse-edge--1500x1500-f3a2c67.jpg"	"https://www.royalmint.com/globalassets/_ecommerce/commemorative/launches/2025-launches/lunar---year-of-the-snake/uk25lss5---lunar-year-of-the-snake-2025-uk-5oz-silver-proof-coin-reverse-in-case-left-1500x1500-f3a2c67.jpg"
"missing_obverse"	"the-80th-anniversary-of-ve-day-2025-50p-silver-proof-coin"	"https://www.royalmint.com/shop/limited-editions/ve-day/the-80th-anniversary-of-ve-day-2025-50p-silver-proof-coin"	"The 80th Anniversary of VE Day 2025 UK 50p Silver Proof Coin"	""	"https://www.royalmint.com/globalassets/_ecommerce/commemorative/launches/2025-launches/ve-day/product-images/uk25vesp-t80th-anniversary-of-ve-day-2025-uk-50p-silver-proof-coin-reverse-with-edge-1500x1500-f3a2c67.jpg"
"edge_mixed_pair"	"150-years-of-liberty-2025-silver-proof-colour-coin"	"https://www.royalmint.com/shop/limited-editions/150-years-of-liberty/150-years-of-liberty-2025-silver-proof-colour-coin"	"150 Years of Liberty 2025 £5 Silver Proof Colour Coin"	"https://www.royalmint.com/globalassets/_ecommerce/commemorative/launches/2025-launches/liberty-london/product-images/uk25llsp---150-years-of-liberty-2025-gbp5-silver-proof-colour-coin-obverse-edge-1500x1500-f3a2c67.jpg"	"https://www.royalmint.com/globalassets/_ecommerce/commemorative/launches/2025-launches/liberty-london/product-images/uk25llsp---150-years-of-liberty-2025-gbp5-silver-proof-colour-coin-reverse-case-1500x1500-f3a2c67.jpg"
"missing_obverse"	"the-queens-panther-2025-10oz-silver-proof-coin"	"https://www.royalmint.com/the-royal-tudor-beasts/the-queens-panther/the-queens-panther-2025-10oz-silver-proof-coin"	"The Royal Tudor Beasts The Queen’s Panther 2025 UK 10oz Silver Proof Coin"	""	"https://www.royalmint.com/globalassets/_ecommerce/commemorative/launches/2024-launches/queens-panther/product-images/10oz-silver/uk25qpst-tthe-royal-tudor-beasts-the-queens-panther-2025-uk-10oz-silver-proof-coin-case-left-1500x1500-f3a2c67.jpg"
"edge_mixed_pair"	"hms-belfast-2025-uk-2-pound-silver-proof-coin"	"https://www.royalmint.com/shop/limited-editions/hms-belfast/hms-belfast-2025-uk-2-pound-silver-proof-coin"	"HMS Belfast 2025 UK £2 Silver Proof Coin"	"https://www.royalmint.com/globalassets/_ecommerce/commemorative/launches/2025-launches/hms-belfast/product-images/uk25hbsp-ticonic-navy-vessels---hms-belfast-2025-gbp2-silver-proof-coin-obverse-edge-1500x1500-f3a2c67.jpg"	"https://www.royalmint.com/globalassets/_ecommerce/commemorative/launches/2025-launches/hms-belfast/product-images/uk25hbsp-iconic-navy-vessels---hms-belfast-2025-gbp2-silver-proof-coin-reverse-case-left-1500x1500-f3a2c67.jpg"
"edge_mixed_pair"	"zog-2025-50p-silver-proof-colour-coin"	"https://www.royalmint.com/shop/limited-editions/zog/zog-2025-50p-silver-proof-colour-coin"	"Zog 2025 UK 50p Silver Proof Colour Coin"	"https://www.royalmint.com/globalassets/_ecommerce/commemorative/launches/2025-launches/zog/product-images/uk25zgsp---zog-2025-uk-50p-silver-proof-colour-coin-obverse-edge-1500x1500-f3a2c67.jpg"	"https://www.royalmint.com/globalassets/_ecommerce/commemorative/launches/2025-launches/zog/product-images/uk25zgsp---zog-2025-uk-50p-silver-proof-colour-coin-reverse-acrylic-block-1500x1500-f3a2c67.jpg"
"missing_obverse"	"100-years-of-winnie-the-pooh-2026-50p-silver-proof-colour-three-coin-collection"	"https://www.royalmint.com/shop/limited-editions/winnie-the-pooh/collection/100-years-of-winnie-the-pooh-2026-50p-silver-proof-colour-three-coin-collection"	"100 Years of Winnie the Pooh 2026 UK 50p Silver Proof Colour Three-Coin Collection"	""	"https://www.royalmint.com/globalassets/_ecommerce/commemorative/launches/2026-launches/denis-the-menace/product-images/uk26dmbu-75-years-of-dennis-the-menace-2026-uk-50p-brilliant-uncirculated-coin-reverse-pack-front.jpg"
"edge_mixed_pair"	"75-years-of-dennis-the-menace-2026-50p-silver-proof-colour-coin"	"https://www.royalmint.com/shop/limited-editions/dennis-the-menace/75-years-of-dennis-the-menace-2026-50p-silver-proof-colour-coin"	"75 Years of Dennis the Menace 2026 UK 50p Silver Proof Colour Coin"	"https://www.royalmint.com/globalassets/_ecommerce/commemorative/launches/2026-launches/denis-the-menace/product-images/uk26dmsp75-years-of-dennis-the-menace-2026-uk-50p-silver-proof-colour-coin-obverse-with-edge.jpg"	"https://www.royalmint.com/globalassets/_ecommerce/commemorative/launches/2026-launches/denis-the-menace/product-images/uk26dmbu-75-years-of-dennis-the-menace-2026-uk-50p-brilliant-uncirculated-coin-reverse-pack-front.jpg"
"edge_mixed_pair"	"the-battles-of-lexington-and-concord-2025-uk-2oz-silver-proof-coin"	"https://www.royalmint.com/shop/limited-editions/the-battles-of-lexington-and-concord/the-battles-of-lexington-and-concord-2025-uk-2oz-silver-proof-coin"	"The Battles of Lexington and Concord 2025 UK 2oz Silver Proof Coin"	"https://www.royalmint.com/globalassets/_ecommerce/commemorative/launches/2025-launches/battle-of-independence/product-images/uk25bis2-the-battle-of-independence-2025-uk-2oz-silver-proof-coin-obverse-1500x1500-f3a2c67.jpg"	"https://www.royalmint.com/globalassets/_ecommerce/commemorative/launches/2025-launches/battle-of-independence/product-images/uk25bis2-the-battle-of-independence-2025-uk-2oz-silver-proof-coin-reverse-edge-1500x1500-f3a2c67.jpg"
"missing_both_sides"	"king-charles-iii-definitives-2024-uk-50p-silver-proof-coin"	"https://www.royalmint.com/shop/ancient-historic/trial-of-the-pyx/archive/King-Charles-III-Definitives-2024-UK-50p-Silver-Proof-Coin"	"Welcome to The Royal Mint"	""	""
"edge_mixed_pair,metal_mismatch_pair"	"portraits-of-a-queen-elizabeth-ii-the-third-effigy-2026-silver-proof-coin"	"https://www.royalmint.com/shop/limited-editions/portraits-of-a-queen/the-third-effigy/portraits-of-a-queen-elizabeth-ii-the-third-effigy-2026-silver-proof-coin"	"Portraits of a Queen - Elizabeth II The Third Effigy 2026 UK £5 Silver Proof Coin"	"https://www.royalmint.com/globalassets/_ecommerce/commemorative/launches/2026-launches/portraits-of-a-queen/the-third-effigy/product-images/uk26qe3spp---portraits-of-a-queen---elizabeth-ii-the-third-effigy-2026-uk-5-silver-proof-coin-obverse-shadow-edge.jpg"	"https://www.royalmint.com/globalassets/_ecommerce/commemorative/launches/2026-launches/portraits-of-a-queen/the-third-effigy/product-images/uk26qe3gp---portraits-of-a-queen---elizabeth-ii-the-third-effigy-2026-uk-5-gold-proof-coin-reverse-case.jpg"
"missing_obverse"	"the-red-arrows-collector-coin-set"	"https://www.royalmint.com/shop/limited-editions/red-arrows/The-Red-Arrows-Collector-Coin-Set"	"The Red Arrows Collector Coin Set"	""	"https://www.royalmint.com/globalassets/_ecommerce/commemorative/launches/2025-launches/red-arrows/product-images/uk25raspc-the-red-arrows-2025-uk-50p-silver-proof-colour-coin-reverse-edge-1500x1500-f3a2c67.jpg"
"missing_obverse"	"stegosaurus-2024-50p-silver-proof-colour-coin"	"https://www.royalmint.com/shop/limited-editions/dinosaurs-iconic-specimens/stegosaurus/stegosaurus-2024-50p-silver-proof-colour-coin"	"Stegosaurus 2024 UK 50p Silver Proof Colour Coin"	""	"https://www.royalmint.com/globalassets/consumer/_campaigns/2024/iconic-specimens/coin-2---stegosaurus/product-images/buc/uk24stbuc---stegosaurus-2024-uk-50p-brilliant-uncirculated-colour-coin-reverse-edge-1500x1500-f3a2c67.jpg"
"missing_obverse"	"britannia-and-liberty-2024-uk-1-4oz-silver-bullion-coin"	"https://www.royalmint.com/shop/ancient-historic/trial-of-the-pyx/Britannia-and-Liberty-2024-UK-1-4oz-Silver-Bullion-Coin"	"Britannia and Liberty 2024 UK 1/4oz Silver Bullion Coin"	""	"https://www.royalmint.com/globalassets/_ecommerce/collect/launches/2025/trial-of-the-pyx/images/uks04739s-2024-quarter-oz-ag-britannia-liberty--reverse-tp25px104.jpg"
"missing_both_sides"	"the-75th-birthday-of-hrh-the-princess-royal-collector-coin-set"	"https://www.royalmint.com/shop/limited-editions/the-princess-royal/the-75th-birthday-of-hrh-the-princess-royal-collector-coin-set"	"The 75th Birthday of HRH The Princess Royal Collector Coin Set"	""	""
"edge_mixed_pair,metal_mismatch_pair"	"portraits-of-a-queen-elizabeth-ii-the-third-effigy-2026-silver-proof-piedfort-coin"	"https://www.royalmint.com/shop/limited-editions/portraits-of-a-queen/the-third-effigy/portraits-of-a-queen-elizabeth-ii-the-third-effigy-2026-silver-proof-piedfort-coin"	"Portraits of a Queen - Elizabeth II The Third Effigy 2026 UK £5 Silver Proof Piedfort Coin"	"https://www.royalmint.com/globalassets/_ecommerce/commemorative/launches/2026-launches/portraits-of-a-queen/the-third-effigy/product-images/uk26qe3pf---portraits-of-a-queen---elizabeth-ii-the-third-effigy-2026-uk-5-silver-proof-piedfort-coin-obverse-shadow-edge.jpg"	"https://www.royalmint.com/globalassets/_ecommerce/commemorative/launches/2026-launches/portraits-of-a-queen/the-third-effigy/product-images/uk26qe3gp---portraits-of-a-queen---elizabeth-ii-the-third-effigy-2026-uk-5-gold-proof-coin-reverse-case.jpg"
"missing_obverse"	"the-snowman-2025-50p-silver-proof-colour-coin"	"https://www.royalmint.com/shop/commemorative/childhood-characters/the-snowman/the-snowman-2025-50p-silver-proof-colour-coin"	"The Snowman 2025 UK 50p Silver Proof Colour Coin"	""	"https://www.royalmint.com/globalassets/_ecommerce/commemorative/launches/2025-launches/snowman/product-images/uk25smspthe-snowman-2025-uk-50p-silver-proof-colour-coin-in-acrylic-block-straight-on.jpg"
"edge_mixed_pair"	"diplodocus-2024-50p-silver-proof-colour-coin"	"https://www.royalmint.com/shop/limited-editions/dinosaurs-iconic-specimens/diplodocus/diplodocus-2024-50p-silver-proof-colour-coin"	"Diplodocus 2024 UK 50p Silver Proof Colour Coin"	"https://www.royalmint.com/globalassets/consumer/_campaigns/2024/iconic-specimens/coin-3---diplodocus/product-images/uk24ddsp---diplodocus-2024-uk-50p-silver-proof-coin-obverse-edge-1500x1500-f3a2c67.jpg"	"https://www.royalmint.com/globalassets/consumer/_campaigns/2024/iconic-specimens/coin-3---diplodocus/product-images/uk24ddspc---diplodocus-2024-uk-50p-silver-proof-colour-coin-reverse-acrylic-block-left-1500x1500-f3a2c67.jpg"
"missing_both_sides"	"national-gallery-2024-2-pound-silver-proof-piedfort-coin"	"https://www.royalmint.com/shop/limited-editions/national-gallery/national-gallery-2024-2-pound-silver-proof-piedfort-coin"	"National Gallery 2024 UK £2 Silver Proof Piedfort Coin"	""	""
"missing_obverse"	"the-lion-and-the-eagle-2024-uk-2oz-silver-proof-coin"	"https://www.royalmint.com/shop/ancient-historic/trial-of-the-pyx/The-Lion-and-The-Eagle-2024-UK-2oz-Silver-Proof-Coin"	"The Lion and The Eagle 2024 UK 2oz Silver Proof Coin"	""	"https://www.royalmint.com/globalassets/_ecommerce/collect/launches/2025/trial-of-the-pyx/images/ukp07202-lpm---lion-and-eagle-2oz-silver-rev-frosted-rev-tp25px78.jpg"
"missing_both_sides"	"portraits-of-a-queen-elizabeth-ii-the-fourth-effigy-2026-silver-proof-piedfort-coin"	"https://www.royalmint.com/shop/limited-editions/portraits-of-a-queen/the-fourth-effigy/portraits-of-a-queen-elizabeth-ii-the-fourth-effigy-2026-silver-proof-piedfort-coin"	"Portraits of a Queen - Elizabeth II The Fourth Effigy 2026 UK £5 Silver Proof Piedfort Coin"	""	""
"missing_obverse"	"2019-queen-victoria-uk-silver-proof-5-piedfort-coin"	"https://www.royalmint.com/shop/monarch/queen-elizabeth-ii/2019-Queen-Victoria-UK-Silver-Proof-5-Piedfort-Coin"	"2019 Queen Victoria UK Silver Proof £5 Piedfort Coin"	""	"https://www.royalmint.com/globalassets/consumer/_campaigns/2019/victoria/product-photography/uk19vcpf-the-200th-anniversary-of-the-birth-of-queen-victoria-2019-uk-5-silver-proof-piedfort-coin-reverse.jpg"
"missing_both_sides"	"britannia-silver-set"	"https://www.royalmint.com/shop/coin-sets/Britannia-Silver-Set"	"1997 Britannia Silver Set"	""	""
"missing_both_sides"	"2020-celebrating-british-diversity-50p-silver-proof"	"https://www.royalmint.com/shop/monarch/queen-elizabeth-ii/2020-Celebrating-British-Diversity-50p-Silver-Proof"	"2020 Celebrating British Diversity 50p Silver Proof"	""	""
"missing_obverse"	"charles-iii-definitives-2024-uk-5p-silver-proof-coin"	"https://www.royalmint.com/shop/ancient-historic/trial-of-the-pyx/Charles-III-Definitives-2024-UK-5p-Silver-Proof-Coin"	"Charles III Definitives 2024 UK 5p Silver Proof Coin"	""	"https://www.royalmint.com/globalassets/_ecommerce/collect/launches/2025/trial-of-the-pyx/images/ukp26144-lpm-definitives-5p-silver-rev-tp25px151.jpg"
"missing_both_sides"	"the-lion-and-the-eagle-2024-uk-1-2oz-silver-proof-coin"	"https://www.royalmint.com/shop/ancient-historic/trial-of-the-pyx/archive/The-Lion-and-The-Eagle-2024-UK-1-2oz-Silver-Proof-Coin"	"Welcome to The Royal Mint"	""	""
"missing_both_sides"	"2019-remembrance-day-uk-5-silver-proof-piedfort"	"https://www.royalmint.com/shop/monarch/queen-elizabeth-ii/2019-Remembrance-Day-UK-5-Silver-Proof-Piedfort"	"2019 Remembrance Day UK £5 Silver Proof Piedfort"	""	""
"missing_obverse"	"2017-a-life-of-service-prince-philip-silver-5-crown"	"https://www.royalmint.com/shop/monarch/queen-elizabeth-ii/2017-A-Life-of-Service-Prince-Philip-Silver-5-Crown"	"2017 'A Life of Service' Prince Philip Silver £5 Crown"	""	"https://www.royalmint.com/globalassets/__rebrand/_structure/shop/editions/_historic-coins/_product-image/hise217pps---prince-phillip-gbp5-silver-crown-reverse.jpg"
"edge_mixed_pair"	"the-spice-girl-2026-uk-1oz-silver-proof-colour-coin"	"https://www.royalmint.com/shop/limited-editions/music-legends/spice-girls/the-spice-girl-2026-UK-1oz-silver-proof-colour-coin"	"The Spice Girls 2026 UK 1oz Silver Proof Colour Coin"	"https://www.royalmint.com/globalassets/_ecommerce/commemorative/launches/2026-launches/spice-girls/product-images/uk26sg1sthe-spice-girls-2026-uk-1oz-silver-proof-colour-coin-obverse-with-edge.jpg"	"https://www.royalmint.com/globalassets/_ecommerce/commemorative/launches/2026-launches/spice-girls/product-images/uk26sg1sthe-spice-girls-2026-uk-1oz-silver-proof-colour-coin-reverse-upright-with-shadow.jpg"
"missing_obverse"	"75-years-of-dennis-the-menace-2026-1kg-silver-proof-coin"	"https://www.royalmint.com/shop/limited-editions/dennis-the-menace/75-years-of-dennis-the-menace-2026-1kg-silver-proof-coin"	"75 Years of Dennis the Menace 2026 UK 1kg Silver Proof Coin"	""	"https://www.royalmint.com/globalassets/_ecommerce/commemorative/launches/2026-launches/denis-the-menace/product-images/uk26dmbu-75-years-of-dennis-the-menace-2026-uk-50p-brilliant-uncirculated-coin-reverse-pack-front.jpg"
"missing_obverse"	"the-lion-and-the-eagle-2024-uk-5oz-silver-proof-coin"	"https://www.royalmint.com/shop/ancient-historic/trial-of-the-pyx/The-Lion-and-The-Eagle-2024-UK-5oz-Silver-Proof-Coin"	"The Lion and The Eagle 2024 UK 5oz Silver Proof Coin"	""	"https://www.royalmint.com/globalassets/_ecommerce/collect/launches/2025/trial-of-the-pyx/images/ukp06202-lpm---lion-and-eagle-rev-frosted-5oz-silver-rev-tp25px69.jpg"
"edge_mixed_pair"	"the-spice-girls-2026-uk-5oz-silver-proof-coin"	"https://www.royalmint.com/shop/limited-editions/music-legends/spice-girls/the-spice-girls-2026-UK-5oz-silver-proof-coin"	"The Spice Girls 2026 UK 5oz Silver Proof Coin"	"https://www.royalmint.com/globalassets/_ecommerce/commemorative/launches/2026-launches/spice-girls/product-images/uk26sg5sthe-spice-girls-2026-uk-5oz-silver-proof-coin-obverse-with-edge.jpg"	"https://www.royalmint.com/globalassets/_ecommerce/commemorative/launches/2026-launches/spice-girls/product-images/uk26sg5sthe-spice-girls-2026-uk-5oz-silver-proof-coin-reverse-flat-with-shadow.jpg"
"edge_mixed_pair"	"portraits-of-a-queen-elizabeth-the-fifth-effigy-2026-silver-proof-coin"	"https://www.royalmint.com/shop/limited-editions/portraits-of-a-queen/the-fifth-effigy/portraits-of-a-queen-elizabeth-the-fifth-effigy-2026-silver-proof-coin"	"Portraits of a Queen - Elizabeth II The Fifth Effigy 2026 UK £5 Silver Proof Coin"	"https://www.royalmint.com/globalassets/_ecommerce/commemorative/launches/2026-launches/portraits-of-a-queen/the-fifth-effigy/product-images/uk26qe1sppportraits-of-a-queen---elizabeth-ii-the-fifth-effigy-2026-uk-5-silver-proof-coin-obverse-with-edge.jpg"	"https://www.royalmint.com/globalassets/_ecommerce/commemorative/launches/2026-launches/portraits-of-a-queen/the-fifth-effigy/product-images/uk26qe1sppportraits-of-a-queen---elizabeth-ii-the-fifth-effigy-2026-uk-5-silver-proof-coin-reverse-upright-with-shadow.jpg"
"missing_both_sides"	"charles-iii-definitives-2024-uk-2-pound-silver-proof-coin"	"https://www.royalmint.com/shop/ancient-historic/trial-of-the-pyx/archive/Charles-III-Definitives-2024-UK-2-Pound-Silver-Proof-Coin"	"Welcome to The Royal Mint"	""	""
"edge_mixed_pair"	"100th-anniversary-of-the-birth-of-queen-elizabeth-ii-2026-1kg-silver-proof-coin"	"https://www.royalmint.com/shop/limited-editions/100th-anniversary-of-the-birth-of-queen-elizabeth-ii/100th-anniversary-of-the-birth-of-queen-elizabeth-ii-2026-1kg-silver-proof-coin"	"100th Anniversary of the Birth of Queen Elizabeth II 2026 UK 1kg Silver Proof Coin"	"https://www.royalmint.com/globalassets/_ecommerce/commemorative/launches/2026-launches/100th-anniversary-of-birth-of-qeii/product-images/uk26qesk---100th-anniversary-of-the-birth-of-queen-elizabeth-ii-2026-uk-1kg-silver-proof-coin-obverse-edge.jpg"	"https://www.royalmint.com/globalassets/_ecommerce/commemorative/launches/2026-launches/100th-anniversary-of-birth-of-qeii/product-images/uk26qesk---100th-anniversary-of-the-birth-of-queen-elizabeth-ii-2026-uk-1kg-silver-proof-coin-reverse-case.jpg"
"edge_mixed_pair"	"100th-anniversary-of-the-birth-of-queen-elizabeth-ii-2026-silver-proof-coin"	"https://www.royalmint.com/shop/limited-editions/100th-anniversary-of-the-birth-of-queen-elizabeth-ii/100th-anniversary-of-the-birth-of-queen-elizabeth-ii-2026-silver-proof-coin"	"100th Anniversary of the Birth of Queen Elizabeth II 2026 UK £5 Silver Proof Coin"	"https://www.royalmint.com/globalassets/_ecommerce/commemorative/launches/2026-launches/100th-anniversary-of-birth-of-qeii/product-images/uk26qesp---100th-anniversary-of-the-birth-of-queen-elizabeth-ii-2026-uk-5-silver-proof-coin-obverse-edge.jpg"	"https://www.royalmint.com/globalassets/_ecommerce/commemorative/launches/2026-launches/100th-anniversary-of-birth-of-qeii/product-images/uk26qesp---100th-anniversary-of-the-birth-of-queen-elizabeth-ii-2026-uk-5-silver-proof-coin-reverse-upright-with-shadow.jpg"
"edge_mixed_pair"	"100th-anniversary-of-the-birth-of-qeii-two-coin-silver-proof-set"	"https://www.royalmint.com/shop/limited-editions/100th-anniversary-of-the-birth-of-queen-elizabeth-ii/100th-anniversary-of-the-birth-of-qeii-two-coin-silver-proof-set"	"100th Anniversary of the Birth of Queen Elizabeth II Two-Coin Silver Proof Set"	"https://www.royalmint.com/globalassets/_ecommerce/commemorative/launches/2026-launches/100th-anniversary-of-birth-of-qeii/product-images/uk26qeset100th-anniversary-of-the-birth-of-qeii--20-obverse.jpg"	"https://www.royalmint.com/globalassets/_ecommerce/commemorative/launches/2026-launches/100th-anniversary-of-birth-of-qeii/product-images/uk26qesp---100th-anniversary-of-the-birth-of-queen-elizabeth-ii-2026-uk-5-silver-proof-coin-reverse-edge.jpg"